step,type,amount,nameOrig,oldbalanceOrg,newbalanceOrig,nameDest,oldbalanceDest,newbalanceDest,isFraud,isFlaggedFraud
241,CASH_OUT,325470.07,C570536992,325470.07,0.0,C437423112,19771.15,345241.22,1,0
287,TRANSFER,223730.4,C734008057,223730.4,0.0,C1763626980,0.0,0.0,1,0
433,TRANSFER,1191183.65,C180129024,1191183.65,0.0,C1802674568,0.0,0.0,1,0
717,CASH_OUT,6512846.44,C1850890702,6512846.44,0.0,C944966910,132217.8,6645064.24,1,0
392,TRANSFER,251832.96,C1019966301,251832.96,0.0,C483110811,0.0,0.0,1,0
529,CASH_OUT,1773151.32,C1093594459,1773151.32,0.0,C50284383,775203.68,2548354.99,1,0
612,TRANSFER,346183.99,C2061792169,346183.99,0.0,C966741210,0.0,0.0,1,0
307,CASH_OUT,376367.26,C672988614,376367.26,0.0,C563840868,0.0,376367.26,1,0
60,CASH_OUT,40486.25,C1413149184,40486.25,0.0,C713338583,4716889.9,4757376.15,1,0
231,TRANSFER,1638865.05,C1131542233,1638865.05,0.0,C1376992525,0.0,0.0,1,0
197,CASH_OUT,486060.16,C558066114,486060.16,0.0,C1244940749,0.0,486060.16,1,0
704,CASH_OUT,391855.44,C1221041967,391855.44,0.0,C2055287072,236228.52,628083.96,1,0
258,TRANSFER,618270.9,C1716255280,618270.9,0.0,C79653418,0.0,0.0,1,0
46,TRANSFER,35016.23,C397528199,35016.23,0.0,C1325281003,0.0,0.0,1,0
563,TRANSFER,633610.66,C1996751665,633610.66,0.0,C533492345,0.0,0.0,1,0
629,CASH_OUT,7922.98,C1629313873,7922.98,0.0,C215301926,0.0,7922.98,1,0
549,TRANSFER,461442.52,C597797196,461442.52,0.0,C1745977074,0.0,0.0,1,0
191,CASH_OUT,2815.61,C1729215544,2815.61,0.0,C1583247514,64348.28,67163.9,1,0
454,TRANSFER,278577.6,C270286609,278577.6,0.0,C311232614,0.0,0.0,1,0
433,CASH_OUT,1191183.65,C2023614214,1191183.65,0.0,C1887453436,0.0,1191183.65,1,0
717,TRANSFER,394605.69,C667718878,394605.69,0.0,C1909363754,0.0,0.0,1,0
181,TRANSFER,12278.0,C1274609372,12278.0,0.0,C1409623409,0.0,0.0,1,0
164,CASH_OUT,276042.59,C2133722439,276042.59,0.0,C2121024241,734229.64,1010272.23,1,0
692,TRANSFER,701697.49,C949298943,701697.49,0.0,C30912856,0.0,0.0,1,0
223,CASH_OUT,2308798.26,C2091244147,2308798.26,0.0,C1649766027,771002.6,3079800.87,1,0
637,TRANSFER,58521.53,C1367937262,58521.53,0.0,C407576849,0.0,0.0,1,0
9,CASH_OUT,361559.69,C684758020,361559.69,0.0,C1769042905,504667.31,189441.24,1,0
177,TRANSFER,382960.64,C881672878,382960.64,0.0,C5616107,0.0,0.0,1,0
669,TRANSFER,5388834.64,C2045535389,5388834.64,0.0,C1440223571,0.0,0.0,1,0
64,TRANSFER,841052.98,C1837436553,841052.98,0.0,C611839321,0.0,0.0,1,0
66,CASH_OUT,4631432.03,C2089741901,4631432.03,0.0,C434503423,122727.22,4754159.25,1,0
57,CASH_OUT,1014816.16,C1871778702,1014816.16,0.0,C2092796486,1417511.04,2432327.2,1,0
284,CASH_OUT,498747.55,C1268687725,498747.55,0.0,C1524935695,0.0,498747.55,1,0
642,CASH_OUT,20281.44,C1585523750,20281.44,0.0,C1744383627,85764.25,106045.69,1,0
37,CASH_OUT,5979556.06,C1240594546,5979556.06,0.0,C579897687,0.0,5979556.06,1,0
680,TRANSFER,1819405.69,C256643277,1819405.69,0.0,C865759561,0.0,0.0,1,0
740,TRANSFER,1312694.5,C1681615431,1312694.5,0.0,C492082350,0.0,0.0,1,0
296,TRANSFER,5591414.49,C68688915,5591414.49,0.0,C1379652013,0.0,0.0,1,0
244,CASH_OUT,53338.82,C671943963,53338.82,0.0,C1516151145,982332.85,1035671.67,1,0
422,TRANSFER,298365.86,C331578052,298365.86,0.0,C18819667,0.0,0.0,1,0
46,TRANSFER,585010.21,C1948614614,585010.21,0.0,C218558993,0.0,0.0,1,0
610,TRANSFER,528149.74,C1626028230,528149.74,0.0,C581480789,0.0,0.0,1,0
61,TRANSFER,1372301.24,C1544506396,1372301.24,0.0,C2060264943,0.0,0.0,1,0
207,TRANSFER,682063.33,C1460251004,682063.33,0.0,C1783331478,0.0,0.0,1,0
13,TRANSFER,6188514.81,C135832352,6188514.81,0.0,C2009346140,0.0,0.0,1,0
242,CASH_OUT,3139423.35,C1627766514,3139423.35,0.0,C1840253816,2593641.94,5733065.29,1,0
607,CASH_OUT,135428.39,C872780920,135428.39,0.0,C276803409,538415.4,673843.78,1,0
316,TRANSFER,72665.95,C1614200747,72665.95,0.0,C253218862,0.0,0.0,1,0
262,CASH_OUT,2642116.95,C625254221,2642116.95,0.0,C933591789,0.0,2642116.95,1,0
103,CASH_OUT,137508.01,C631857626,137508.01,0.0,C1700121209,0.0,137508.01,1,0
562,CASH_OUT,8770.06,C1583865151,8770.06,0.0,C2053590149,0.0,8770.06,1,0
68,TRANSFER,915266.65,C1936471789,915266.65,0.0,C844650878,0.0,0.0,1,0
194,TRANSFER,1501297.88,C1043170433,1501297.88,0.0,C768896772,0.0,0.0,1,0
194,CASH_OUT,1501297.88,C1407686469,1501297.88,0.0,C1582355721,0.0,1501297.88,1,0
174,CASH_OUT,18887.22,C1144158432,18887.22,0.0,C2034180207,0.0,18887.22,1,0
658,TRANSFER,619824.64,C287805617,619824.64,0.0,C2077204488,0.0,0.0,1,0
550,TRANSFER,1613281.82,C1356014393,1613281.82,0.0,C855243703,0.0,0.0,1,0
325,TRANSFER,107834.85,C466412897,107834.85,0.0,C816944286,0.0,0.0,1,0
319,TRANSFER,92545.17,C1699397290,92545.17,0.0,C495812513,0.0,0.0,1,0
65,CASH_OUT,446032.95,C289101217,446032.95,0.0,C514505298,205977.41,652010.36,1,0
396,CASH_OUT,1547877.98,C1878609534,1547877.98,0.0,C1300753775,185725.9,1733603.89,1,0
591,CASH_OUT,906270.63,C1392276809,906270.63,0.0,C1315942882,221709.79,1127980.43,1,0
404,CASH_OUT,186375.38,C1299679751,186375.38,0.0,C936929482,427950.92,614326.3,1,0
146,TRANSFER,322329.78,C1524859544,322329.78,0.0,C1609215593,0.0,0.0,1,0
277,CASH_OUT,621387.64,C1236437797,621387.64,0.0,C1300584821,85132.75,706520.39,1,0
503,TRANSFER,251683.05,C1112029444,251683.05,0.0,C1819822165,0.0,0.0,1,0
612,TRANSFER,1023189.9,C1686587981,1023189.9,0.0,C833710849,0.0,0.0,1,0
447,CASH_OUT,155121.58,C1937221024,155121.58,0.0,C176494011,439557.76,594679.34,1,0
394,CASH_OUT,201247.25,C1380307239,201247.25,0.0,C1910018633,1296099.23,1497346.48,1,0
494,CASH_OUT,503620.99,C755656980,503620.99,0.0,C432121402,0.0,503620.99,1,0
368,TRANSFER,199414.45,C1842995301,199414.45,0.0,C1445649140,0.0,0.0,1,0
362,TRANSFER,7677120.59,C2068656014,7677120.59,0.0,C1266729216,0.0,0.0,1,0
187,CASH_OUT,2044841.02,C1943035260,2044841.02,0.0,C1552135476,397169.1,2442010.12,1,0
586,CASH_OUT,2581549.92,C648614053,2581549.92,0.0,C213455810,0.0,2581549.92,1,0
357,TRANSFER,1.0E7,C393177637,1.065315155E7,653151.55,C106531078,0.0,0.0,1,0
284,TRANSFER,160296.55,C1890719438,160296.55,0.0,C933704571,0.0,0.0,1,0
635,TRANSFER,568918.32,C1564763592,568918.32,0.0,C516990655,0.0,0.0,1,0
38,CASH_OUT,90204.54,C1295812229,90204.54,0.0,C1254182177,0.0,90204.54,1,0
664,TRANSFER,171935.25,C1235622131,171935.25,0.0,C432129572,0.0,0.0,1,0
380,TRANSFER,70125.14,C292281038,70125.14,0.0,C1409481087,0.0,0.0,1,0
551,TRANSFER,483713.23,C1111837345,483713.23,0.0,C119686502,0.0,0.0,1,0
219,TRANSFER,248242.32,C1026095459,248242.32,0.0,C1060066770,0.0,0.0,1,0
238,TRANSFER,5274773.52,C31838536,5274773.52,0.0,C36485609,0.0,0.0,1,0
142,CASH_OUT,6168077.6,C1567508562,6168077.6,0.0,C233644049,0.0,6168077.6,1,0
265,TRANSFER,5721871.91,C1616758519,5721871.91,0.0,C96929934,0.0,0.0,1,0
240,TRANSFER,103949.5,C82400750,103949.5,0.0,C1711150495,0.0,0.0,1,0
742,CASH_OUT,4009058.39,C1970706589,4009058.39,0.0,C637394241,1229761.96,5238820.34,1,0
380,TRANSFER,330218.85,C94784819,330218.85,0.0,C597468231,0.0,0.0,1,0
204,TRANSFER,2144208.23,C1923199503,2144208.23,0.0,C1004490006,0.0,0.0,1,0
400,TRANSFER,1191669.35,C2039894074,1191669.35,0.0,C2014043913,0.0,0.0,1,0
439,CASH_OUT,3947541.37,C2144474125,3947541.37,0.0,C1652358920,226201.44,4173742.81,1,0
650,TRANSFER,230652.43,C1117030253,230652.43,0.0,C1682998072,0.0,0.0,1,0
90,TRANSFER,39664.74,C1509358186,39664.74,0.0,C2068734277,0.0,0.0,1,0
425,CASH_OUT,486175.4,C1737680610,486175.4,0.0,C1596545373,0.0,486175.4,1,0
562,TRANSFER,6324299.91,C1187969526,6324299.91,0.0,C962858341,0.0,0.0,1,0
476,CASH_OUT,468599.79,C360538311,468599.79,0.0,C1834951696,37278.5,505878.3,1,0
459,TRANSFER,1153156.0,C1788207069,1153156.0,0.0,C2113625922,0.0,0.0,1,0
643,CASH_OUT,44482.33,C611589726,44482.33,0.0,C1052510610,0.0,44482.33,1,0
103,CASH_OUT,639468.22,C765437817,639468.22,0.0,C799703422,185390.74,824858.96,1,0
561,CASH_OUT,615954.92,C1033091830,615954.92,0.0,C690014487,3271323.95,3887278.88,1,0
356,TRANSFER,357226.8,C820024675,357226.8,0.0,C1707005177,0.0,0.0,1,0
99,CASH_OUT,1515291.19,C73290469,1515291.19,0.0,C1192284712,234869.29,1750160.47,1,0
150,CASH_OUT,163852.19,C1364188509,163852.19,0.0,C1652775924,548967.17,712819.36,1,0
295,TRANSFER,4531343.47,C1067203186,4531343.47,0.0,C1086076552,0.0,0.0,1,0
651,CASH_OUT,130777.09,C1641644327,130777.09,0.0,C1447531864,0.0,130777.09,1,0
637,CASH_OUT,107246.03,C172453788,107246.03,0.0,C390359674,0.0,107246.03,1,0
249,CASH_OUT,369448.2,C2020495090,369448.2,0.0,C650699445,0.0,369448.2,1,0
266,CASH_OUT,5494862.93,C1802007531,5494862.93,0.0,C1174309480,0.0,5494862.93,1,0
404,CASH_OUT,40359.75,C1580733517,40359.75,0.0,C1833873982,37684.35,78044.1,1,0
549,CASH_OUT,1057053.6,C2060205709,1057053.6,0.0,C1377648519,0.0,1057053.6,1,0
47,CASH_OUT,667043.9,C1676208609,667043.9,0.0,C1263000252,104132.27,771176.17,1,0
495,CASH_OUT,58737.53,C517543393,58737.53,0.0,C1684807831,887496.11,946233.64,1,0
144,TRANSFER,343999.8,C549010172,343999.8,0.0,C1983458809,0.0,0.0,1,0
578,CASH_OUT,6274752.67,C789526780,6274752.67,0.0,C1905238884,0.0,6274752.67,1,0
528,TRANSFER,392767.71,C612108923,392767.71,0.0,C1962731404,0.0,0.0,1,0
130,TRANSFER,21531.0,C2122951913,21531.0,0.0,C878866926,0.0,0.0,1,0
669,CASH_OUT,106290.68,C1300397389,106290.68,0.0,C775257177,0.0,106290.68,1,0
679,TRANSFER,3150438.28,C1921052827,3150438.28,0.0,C117597233,0.0,0.0,1,0
333,TRANSFER,17207.65,C1767715756,17207.65,0.0,C785026451,0.0,0.0,1,0
22,CASH_OUT,1258956.71,C673988903,1258956.71,0.0,C833477645,4736010.72,5994967.43,1,0
552,CASH_OUT,221077.97,C1895360219,221077.97,0.0,C1325018812,0.0,221077.97,1,0
342,TRANSFER,549159.68,C538261432,549159.68,0.0,C525961940,0.0,0.0,1,0
495,CASH_OUT,255286.59,C1873655308,255286.59,0.0,C445308859,0.0,255286.59,1,0
175,TRANSFER,47604.75,C1972288489,47604.75,0.0,C305797436,0.0,0.0,1,0
69,CASH_OUT,19776.71,C1994183389,19776.71,0.0,C366927459,1138941.53,1158718.24,1,0
738,CASH_OUT,114490.39,C1586103602,114490.39,0.0,C1196711051,166082.07,280572.46,1,0
219,TRANSFER,36371.77,C2064408554,36371.77,0.0,C1562975084,0.0,0.0,1,0
147,TRANSFER,489514.32,C1398711376,489514.32,0.0,C910056711,0.0,0.0,1,0
712,TRANSFER,16514.64,C1427122202,16514.64,0.0,C420183005,0.0,0.0,1,0
82,CASH_OUT,1.0E7,C1079335762,1.0E7,0.0,C615227407,373274.84,1.037327484E7,1,0
405,TRANSFER,1.0E7,C737314180,1.274087915E7,2740879.15,C790685338,0.0,0.0,1,0
181,TRANSFER,410299.86,C364474699,410299.86,0.0,C1549220926,0.0,0.0,1,0
269,TRANSFER,3042111.54,C1680736871,3042111.54,0.0,C880626783,0.0,0.0,1,0
17,CASH_OUT,42062.82,C897869440,340830.43,298767.61,C616721459,398931.35,678419.64,1,0
219,CASH_OUT,36371.77,C1856113052,36371.77,0.0,C1590703895,0.0,36371.77,1,0
515,TRANSFER,12804.74,C1711121415,12804.74,0.0,C27575040,0.0,0.0,1,0
556,TRANSFER,227231.78,C1362477685,227231.78,0.0,C396423191,0.0,0.0,1,0
218,TRANSFER,1476248.65,C1458982396,1476248.65,0.0,C534254918,0.0,0.0,1,0
420,CASH_OUT,341956.42,C865099324,341956.42,0.0,C1895897048,2191293.04,2533249.45,1,0
460,CASH_OUT,2059980.16,C617173071,2059980.16,0.0,C706638819,734579.21,2794559.36,1,0
312,CASH_OUT,117345.35,C1034868972,117345.35,0.0,C633592175,0.0,117345.35,1,0
568,TRANSFER,30790.13,C574884951,30790.13,0.0,C174185198,0.0,0.0,1,0
533,TRANSFER,400517.07,C709213920,400517.07,0.0,C565737744,0.0,0.0,1,0
387,TRANSFER,4892193.09,C908544136,4892193.09,4892193.09,C891140444,0.0,0.0,1,1
603,TRANSFER,4099382.36,C371063342,4099382.36,0.0,C1426227397,0.0,0.0,1,0
575,TRANSFER,367263.47,C695418375,367263.47,0.0,C1804523786,0.0,0.0,1,0
716,TRANSFER,6426126.34,C1681613660,6426126.34,0.0,C1588106551,0.0,0.0,1,0
78,TRANSFER,1735647.47,C32677445,1735647.47,0.0,C154560289,0.0,0.0,1,0
636,TRANSFER,729078.34,C1326188637,729078.34,0.0,C1097922403,0.0,0.0,1,0
577,CASH_OUT,727792.98,C786298819,727792.98,0.0,C1428966428,456471.74,1184264.72,1,0
178,TRANSFER,85017.99,C1028321067,85017.99,0.0,C1506966861,0.0,0.0,1,0
622,TRANSFER,668273.94,C1893589234,668273.94,0.0,C907656239,0.0,0.0,1,0
559,CASH_OUT,127564.33,C471097879,127564.33,0.0,C312345,272123.54,399687.88,1,0
251,CASH_OUT,8276235.5,C1880773458,8276235.5,0.0,C2102473649,190006.69,8466242.19,1,0
677,TRANSFER,9295454.24,C1216463302,9295454.24,0.0,C1920599052,0.0,0.0,1,0
394,TRANSFER,147957.23,C1762704986,147957.23,0.0,C1857166842,0.0,0.0,1,0
236,TRANSFER,67050.5,C1650479654,67050.5,0.0,C625044678,0.0,0.0,1,0
506,CASH_OUT,7041719.54,C321971640,7041719.54,0.0,C2084611108,0.0,7041719.54,1,0
640,CASH_OUT,46973.96,C1388934597,46973.96,0.0,C1218759117,0.0,46973.96,1,0
667,CASH_OUT,161536.55,C1916979174,161536.55,0.0,C857162108,5580.01,167116.56,1,0
669,CASH_OUT,111033.79,C628538240,111033.79,0.0,C1203444656,470258.81,581292.59,1,0
634,TRANSFER,9168747.51,C183711980,9168747.51,0.0,C987041812,0.0,0.0,1,0
666,CASH_OUT,504362.34,C1885602462,504362.34,0.0,C1876362324,0.0,504362.34,1,0
640,TRANSFER,49871.73,C1236485428,49871.73,0.0,C1412551637,0.0,0.0,1,0
384,TRANSFER,56517.37,C52614586,56517.37,0.0,C1469827455,0.0,0.0,1,0
668,TRANSFER,7539165.76,C64015154,7539165.76,0.0,C1744865437,0.0,0.0,1,0
452,CASH_OUT,227349.18,C1852618568,227349.18,0.0,C1829345728,111961.16,339310.34,1,0
185,TRANSFER,476890.47,C1700987687,476890.47,0.0,C463702368,0.0,0.0,1,0
640,CASH_OUT,87698.36,C1218269262,87698.36,0.0,C559467589,237454.49,325152.85,1,0
28,TRANSFER,491517.77,C1029198062,491517.77,0.0,C1534111155,0.0,0.0,1,0
475,CASH_OUT,876753.11,C1127304441,876753.11,0.0,C1403814902,0.0,876753.11,1,0
570,TRANSFER,2925859.58,C382312588,2925859.58,0.0,C114627668,0.0,0.0,1,0
486,CASH_OUT,4505012.56,C1075946907,4505012.56,0.0,C1978376659,0.0,4505012.56,1,0
98,CASH_OUT,1273674.05,C1758225011,1273674.05,0.0,C59790487,0.0,1273674.05,1,0
644,CASH_OUT,70669.49,C889625469,70669.49,0.0,C778459251,1610179.68,1680849.17,1,0
25,TRANSFER,296333.54,C1473328942,296333.54,0.0,C1650053869,0.0,0.0,1,0
485,CASH_OUT,1425802.24,C1247391276,1425802.24,0.0,C2010547624,3978784.16,5404586.4,1,0
521,CASH_OUT,525155.79,C843090294,525155.79,0.0,C1217435263,2665961.11,3191116.89,1,0
503,CASH_OUT,861189.54,C1637109620,861189.54,0.0,C1172208987,0.0,861189.54,1,0
104,TRANSFER,655294.3,C935429105,655294.3,0.0,C1630335689,0.0,0.0,1,0
227,TRANSFER,4075956.58,C799393307,4075956.58,0.0,C251525429,0.0,0.0,1,0
230,TRANSFER,1112204.51,C444571961,1112204.51,0.0,C1409527805,0.0,0.0,1,0
720,CASH_OUT,561027.94,C1977012169,561027.94,0.0,C2046543402,0.0,561027.94,1,0
596,CASH_OUT,434401.5,C502036352,434401.5,0.0,C1774504207,542289.09,976690.59,1,0
497,CASH_OUT,2123610.45,C1062431728,2123610.45,0.0,C1354064635,1234419.45,3358029.9,1,0
56,TRANSFER,2776135.33,C432219684,2776135.33,0.0,C926776113,0.0,0.0,1,0
66,CASH_OUT,813133.35,C952177952,813133.35,0.0,C884699340,0.0,813133.35,1,0
714,TRANSFER,1.0E7,C131412689,1.039076324E7,390763.24,C1846567377,0.0,0.0,1,0
9,TRANSFER,350705.74,C1452168793,350705.74,0.0,C399194578,0.0,1184633.07,1,0
297,CASH_OUT,5591647.96,C1455120619,5591647.96,0.0,C2080178799,952338.2,6543986.15,1,0
556,CASH_OUT,227231.78,C1458716480,227231.78,0.0,C1926682191,1606681.0,1833912.79,1,0
692,TRANSFER,46072.33,C1599191169,46072.33,0.0,C1035155877,0.0,0.0,1,0
557,CASH_OUT,74709.4,C467552015,74709.4,0.0,C2104621109,233625.43,308334.83,1,0
212,TRANSFER,704328.29,C1183135461,704328.29,0.0,C1446253105,0.0,0.0,1,0
501,CASH_OUT,772379.36,C533533320,772379.36,0.0,C1635587214,501817.89,1274197.25,1,0
279,TRANSFER,1.0E7,C898870268,1.053662441E7,536624.41,C1236804041,0.0,0.0,1,0
425,CASH_OUT,287720.41,C1152041857,287720.41,0.0,C1551847216,174700.67,462421.08,1,0
359,CASH_OUT,105733.45,C1248586428,105733.45,0.0,C1550187391,934471.58,1040205.03,1,0
127,TRANSFER,6910926.92,C119613068,6910926.92,0.0,C947645496,0.0,0.0,1,0
613,TRANSFER,393699.17,C1660576685,393699.17,0.0,C521066417,0.0,0.0,1,0
494,TRANSFER,103909.1,C1648943042,103909.1,0.0,C1134805695,0.0,0.0,1,0
15,TRANSFER,747282.4,C1695793096,747282.4,0.0,C849010584,0.0,0.0,1,0
215,TRANSFER,1586479.66,C109700228,1586479.66,0.0,C546843305,0.0,0.0,1,0
664,CASH_OUT,4651.43,C59743655,4651.43,0.0,C1943832045,4812422.91,4817074.35,1,0
742,TRANSFER,258355.42,C1226129332,258355.42,0.0,C1744173808,0.0,0.0,1,0
354,TRANSFER,9299230.13,C350993487,9299230.13,0.0,C1614280501,0.0,0.0,1,0
692,TRANSFER,6856104.02,C528343888,6856104.02,0.0,C737162592,0.0,0.0,1,0
442,TRANSFER,1487505.07,C277096632,1487505.07,0.0,C344711118,0.0,0.0,1,0
199,TRANSFER,3644234.06,C1362743884,3644234.06,0.0,C1885652629,0.0,0.0,1,0
467,TRANSFER,144283.42,C1294019179,144283.42,0.0,C63457750,0.0,0.0,1,0
240,TRANSFER,74076.48,C1589254614,74076.48,0.0,C1147163702,0.0,0.0,1,0
322,TRANSFER,108213.6,C586432166,108213.6,0.0,C810627720,0.0,0.0,1,0
268,CASH_OUT,1070857.97,C1513064965,1070857.97,0.0,C1686203571,0.0,1070857.97,1,0
149,TRANSFER,7188425.25,C1962597060,7188425.25,0.0,C103010660,0.0,0.0,1,0
452,CASH_OUT,63262.94,C1693403052,63262.94,0.0,C1457990651,6388249.11,6451512.05,1,0
637,CASH_OUT,48605.54,C1975630397,48605.54,0.0,C1563301759,1263443.51,1312049.05,1,0
140,CASH_OUT,53782.87,C1507289159,53782.87,0.0,C431035662,0.0,53782.87,1,0
292,CASH_OUT,362335.05,C48088685,362335.05,0.0,C1562137576,509388.64,871723.69,1,0
460,TRANSFER,1424002.7,C777622163,1424002.7,0.0,C413417554,0.0,0.0,1,0
200,CASH_OUT,7482670.24,C782470219,7482670.24,0.0,C13429851,2097169.4,9579839.64,1,0
97,TRANSFER,4454632.3,C310812803,4454632.3,0.0,C1185406486,0.0,0.0,1,0
3,CASH_OUT,10539.37,C1984954272,10539.37,0.0,C124540047,0.0,10539.37,1,0
133,CASH_OUT,1159010.44,C1724151856,1159010.44,0.0,C1229046559,175085.52,1334095.97,1,0
81,CASH_OUT,221936.6,C1587954748,221936.6,0.0,C1439182488,1811.03,223747.62,1,0
173,TRANSFER,2177218.43,C1302526975,2177218.43,0.0,C595351088,0.0,0.0,1,0
269,TRANSFER,676882.33,C1627918307,676882.33,0.0,C1636966593,0.0,0.0,1,0
482,CASH_OUT,24382.08,C805912404,24382.08,0.0,C2095346026,6866.91,31248.99,1,0
131,CASH_OUT,2248584.96,C1701978189,2248584.96,0.0,C1864787656,44660.15,2293245.11,1,0
528,TRANSFER,311234.46,C1635920550,311234.46,0.0,C942070496,0.0,0.0,1,0
249,TRANSFER,3138.25,C1027828118,3138.25,0.0,C506519759,0.0,0.0,1,0
171,TRANSFER,1437291.89,C533125295,1437291.89,0.0,C1217960953,0.0,0.0,1,0
79,CASH_OUT,353045.35,C1947418069,353045.35,0.0,C615914680,981978.74,1335024.09,1,0
692,CASH_OUT,163490.28,C630486346,163490.28,0.0,C21818636,0.0,163490.28,1,0
521,TRANSFER,48734.24,C1051865605,48734.24,0.0,C2005579238,0.0,0.0,1,0
258,CASH_OUT,248043.99,C1328801948,248043.99,0.0,C1815131206,0.0,248043.99,1,0
582,CASH_OUT,1270565.77,C1599110470,1270565.77,0.0,C1024005530,216005.04,1486570.81,1,0
503,TRANSFER,993088.06,C1645429111,993088.06,0.0,C1386808946,0.0,0.0,1,0
41,TRANSFER,1270564.34,C1268743025,1270564.34,0.0,C802302527,0.0,0.0,1,0
213,CASH_OUT,188658.45,C1344277836,188658.45,0.0,C78389368,0.0,188658.45,1,0
46,CASH_OUT,35016.23,C1267520613,35016.23,0.0,C801157832,65435.34,100451.57,1,0
169,TRANSFER,19244.9,C1225444134,19244.9,0.0,C999409522,0.0,0.0,1,0
156,TRANSFER,254167.15,C514076656,254167.15,0.0,C1340029873,0.0,0.0,1,0
487,CASH_OUT,1035401.2,C1689112462,1035401.2,0.0,C353554883,4906677.4,5942078.6,1,0
52,CASH_OUT,1093155.19,C395947070,1093155.19,0.0,C1747066716,1966451.64,3059606.83,1,0
577,CASH_OUT,681525.62,C343064779,681525.62,0.0,C851594091,2250319.57,2931845.19,1,0
212,CASH_OUT,5131896.17,C2124387698,5131896.17,0.0,C1009747499,302942.16,5434838.33,1,0
723,CASH_OUT,2232257.71,C684925403,2232257.71,0.0,C855824878,819923.42,3052181.14,1,0
322,CASH_OUT,108213.6,C1360735702,108213.6,0.0,C831415203,3191417.38,3299630.98,1,0
18,TRANSFER,1974352.3,C745648946,1974352.3,0.0,C1091334879,0.0,0.0,1,0
647,CASH_OUT,61846.05,C1010063091,61846.05,0.0,C2139077916,2094201.81,2156047.86,1,0
394,CASH_OUT,49950.63,C1528504862,49950.63,0.0,C1778014932,460576.82,510527.45,1,0
582,CASH_OUT,47662.13,C1447139298,47662.13,0.0,C1487365268,147954.8,195616.93,1,0
314,TRANSFER,59893.41,C1284144520,59893.41,0.0,C1435949580,0.0,0.0,1,0
379,TRANSFER,17216.14,C1500954135,17216.14,0.0,C1753438531,0.0,0.0,1,0
486,CASH_OUT,1290619.25,C790188952,1290619.25,0.0,C472356199,0.0,1290619.25,1,0
644,TRANSFER,228751.77,C1886391505,228751.77,0.0,C137422698,0.0,0.0,1,0
173,CASH_OUT,176273.29,C14325153,176273.29,0.0,C856044772,0.0,176273.29,1,0
262,TRANSFER,218074.57,C1211163896,218074.57,0.0,C1493086567,0.0,0.0,1,0
19,CASH_OUT,3477438.49,C841995363,3477438.49,0.0,C1314676285,0.0,3477438.49,1,0
707,TRANSFER,15371.72,C589262212,15371.72,0.0,C1774278732,0.0,0.0,1,0
3,TRANSFER,10539.37,C1134864869,10539.37,0.0,C118648358,0.0,0.0,1,0
387,TRANSFER,1.0E7,C1421664654,3.489219309E7,2.489219309E7,C1036214683,0.0,0.0,1,0
277,TRANSFER,342988.79,C1522760202,342988.79,0.0,C509783164,0.0,0.0,1,0
470,TRANSFER,2198220.97,C1393439924,2198220.97,0.0,C851338379,0.0,0.0,1,0
742,TRANSFER,63416.99,C778071008,63416.99,0.0,C1812552860,0.0,0.0,1,0
211,CASH_OUT,73599.57,C1559180710,73599.57,0.0,C1604656634,0.0,73599.57,1,0
157,CASH_OUT,939518.05,C2110710924,939518.05,0.0,C325441489,0.0,939518.05,1,0
572,CASH_OUT,151715.39,C80837759,151715.39,0.0,C1302224324,1091370.69,1243086.09,1,0
404,TRANSFER,40359.75,C364009492,40359.75,0.0,C718391314,0.0,0.0,1,0
547,CASH_OUT,594471.04,C1345990968,594471.04,0.0,C623395017,1788456.17,2382927.21,1,0
473,CASH_OUT,70239.81,C867506541,70239.81,0.0,C1424690592,255444.42,325684.23,1,0
642,TRANSFER,330665.02,C858235429,330665.02,0.0,C1542396636,0.0,0.0,1,0
351,CASH_OUT,6417789.09,C14516308,6417789.09,0.0,C1104416444,2280633.24,8698422.34,1,0
255,TRANSFER,38223.11,C519675576,38223.11,0.0,C1580883487,0.0,0.0,1,0
238,TRANSFER,1530.84,C1164568984,1530.84,0.0,C940250916,0.0,0.0,1,0
578,CASH_OUT,4961014.03,C1742941865,4961014.03,0.0,C1310890311,21847.95,4982861.98,1,0
674,CASH_OUT,6250438.78,C951549308,6250438.78,0.0,C1717545219,0.0,6250438.78,1,0
534,CASH_OUT,1390332.39,C1515790640,1390332.39,0.0,C1288810506,0.0,1390332.39,1,0
596,CASH_OUT,204721.27,C357911107,204721.27,0.0,C1450973124,0.0,204721.27,1,0
101,TRANSFER,146681.74,C1791664104,146681.74,0.0,C84868382,0.0,0.0,1,0
542,CASH_OUT,1068398.61,C755809826,1068398.61,0.0,C411670460,0.0,1068398.61,1,0
379,CASH_OUT,284000.25,C1668487774,284000.25,0.0,C1354269038,0.0,284000.25,1,0
516,TRANSFER,848134.57,C387226180,848134.57,0.0,C1242120613,0.0,0.0,1,0
732,TRANSFER,249365.63,C372564056,249365.63,0.0,C977922578,0.0,0.0,1,0
735,TRANSFER,92735.71,C1351323617,92735.71,0.0,C413722554,0.0,0.0,1,0
56,CASH_OUT,42789.93,C1799683256,42789.93,0.0,C2124012245,0.0,42789.93,1,0
720,TRANSFER,40075.02,C1996558397,40075.02,0.0,C2122089181,0.0,0.0,1,0
66,TRANSFER,126715.84,C147756271,126715.84,0.0,C650234869,0.0,0.0,1,0
526,CASH_OUT,606920.11,C998785780,606920.11,0.0,C2120671448,1.660663644E7,1.721355655E7,1,0
376,CASH_OUT,248123.95,C1876256795,248123.95,0.0,C2126149850,614200.3,862324.25,1,0
108,CASH_OUT,99808.45,C1266810248,99808.45,0.0,C467980258,47744.92,147553.37,1,0
249,TRANSFER,358440.67,C1621453124,358440.67,0.0,C1530549308,0.0,0.0,1,0
70,CASH_OUT,1036789.41,C32861099,1036789.41,0.0,C1594778194,523315.63,1560105.04,1,0
406,TRANSFER,126192.63,C1857315349,126192.63,0.0,C1301744071,0.0,0.0,1,0
105,CASH_OUT,40413.81,C209849944,40413.81,0.0,C580913459,0.0,40413.81,1,0
490,TRANSFER,3641525.7,C2071106864,3641525.7,0.0,C548881736,0.0,0.0,1,0
275,TRANSFER,1436.38,C1462369015,1436.38,0.0,C204541509,0.0,0.0,1,0
528,TRANSFER,2173367.35,C927887851,2173367.35,0.0,C1921605128,0.0,0.0,1,0
730,CASH_OUT,1665334.68,C1772832096,1665334.68,0.0,C703136937,398538.39,2063873.07,1,0
238,TRANSFER,134313.22,C781397101,134313.22,0.0,C273071988,0.0,0.0,1,0
69,CASH_OUT,353313.55,C1330110958,353313.55,0.0,C857281092,2808260.05,3161573.6,1,0
320,TRANSFER,34099.1,C319281201,34099.1,0.0,C2021539165,0.0,0.0,1,0
194,TRANSFER,452294.74,C927935901,452294.74,0.0,C1992560151,0.0,0.0,1,0
406,TRANSFER,1.0E7,C413407419,1.242607689E7,2426076.89,C2065262017,0.0,0.0,1,0
664,TRANSFER,639991.03,C1557521706,639991.03,0.0,C359361897,0.0,0.0,1,0
362,CASH_OUT,1936403.59,C796529058,1936403.59,0.0,C338861738,1.070989051E7,1.26462941E7,1,0
64,CASH_OUT,436317.49,C1101896788,436317.49,0.0,C641861955,195948.3,632265.79,1,0
569,TRANSFER,176626.77,C1445328479,176626.77,0.0,C1305022941,0.0,0.0,1,0
660,TRANSFER,6749.18,C1815959102,6749.18,0.0,C2020586953,0.0,0.0,1,0
162,CASH_OUT,5820137.62,C13539331,5820137.62,0.0,C345070872,95384.38,5915522.0,1,0
165,CASH_OUT,798007.45,C1972873881,798007.45,0.0,C202442750,156472.57,954480.02,1,0
651,TRANSFER,9996886.64,C429282035,9996886.64,0.0,C1318460385,0.0,0.0,1,0
320,TRANSFER,148305.3,C792987085,148305.3,0.0,C1731551447,0.0,0.0,1,0
336,TRANSFER,38115.0,C196135268,38115.0,0.0,C1809264943,0.0,0.0,1,0
416,TRANSFER,79076.14,C1720013416,79076.14,0.0,C431840204,0.0,0.0,1,0
18,TRANSFER,307739.18,C1066119351,307739.18,0.0,C702410034,0.0,0.0,1,0
131,CASH_OUT,7476725.66,C262815390,7476725.66,0.0,C450403816,99749.6,7576475.27,1,0
483,TRANSFER,3488355.65,C1713336918,3488355.65,0.0,C1279746199,0.0,0.0,1,0
221,CASH_OUT,1123561.68,C1033117475,1123561.68,0.0,C538661860,0.0,1123561.68,1,0
461,CASH_OUT,1464614.79,C1138281794,1464614.79,0.0,C1873232780,0.0,1464614.79,1,0
285,TRANSFER,106654.67,C836610580,106654.67,0.0,C219723061,0.0,0.0,1,0
263,CASH_OUT,273408.94,C243815922,273408.94,0.0,C227208955,0.0,273408.94,1,0
179,CASH_OUT,445705.76,C1911704726,445705.76,0.0,C960848277,0.0,445705.76,1,0
487,TRANSFER,1610110.66,C56372848,1610110.66,0.0,C583505603,0.0,0.0,1,0
581,CASH_OUT,414153.16,C1882912047,414153.16,0.0,C845050993,379431.75,793584.91,1,0
640,CASH_OUT,1266752.6,C1349492818,1266752.6,0.0,C831536312,0.0,1266752.6,1,0
603,CASH_OUT,2319926.01,C1629072698,2319926.01,0.0,C1470265305,843706.68,3163632.69,1,0
450,TRANSFER,133057.11,C1343500180,133057.11,0.0,C284636751,0.0,0.0,1,0
582,TRANSFER,781988.85,C646587946,781988.85,0.0,C1426895610,0.0,0.0,1,0
162,TRANSFER,5820137.62,C1906595632,5820137.62,0.0,C963512696,0.0,0.0,1,0
135,TRANSFER,60646.82,C16325193,60646.82,0.0,C1142308678,0.0,0.0,1,0
608,TRANSFER,277048.48,C190615987,277048.48,0.0,C1904194298,0.0,0.0,1,0
18,TRANSFER,295664.18,C1726326177,295664.18,0.0,C1540448785,0.0,0.0,1,0
76,CASH_OUT,2066446.27,C725597637,2066446.27,0.0,C157857444,423086.94,2489533.21,1,0
572,CASH_OUT,2000718.2,C1426906570,2000718.2,0.0,C154319946,1.098445139E7,1.298516959E7,1,0
502,TRANSFER,1673066.07,C1619207700,1673066.07,0.0,C1332058815,0.0,0.0,1,0
687,CASH_OUT,398157.05,C1880789333,398157.05,0.0,C1819185781,703136.65,1101293.69,1,0
522,CASH_OUT,1752606.15,C1351380996,1752606.15,0.0,C1325425132,0.0,1752606.15,1,0
12,CASH_OUT,8677.0,C343345083,8677.0,0.0,C200064275,225127.62,233804.62,1,0
208,TRANSFER,23031.26,C1022427332,23031.26,0.0,C1199824577,0.0,0.0,1,0
592,CASH_OUT,157272.13,C1023266164,157272.13,0.0,C1938541482,957665.04,1114937.17,1,0
211,CASH_OUT,405062.33,C418222166,405062.33,0.0,C690195469,1844185.94,2249248.27,1,0
125,CASH_OUT,621569.61,C2048762719,621569.61,0.0,C177739457,270256.82,891826.43,1,0
610,TRANSFER,633459.44,C1624078570,633459.44,0.0,C1413803153,0.0,0.0,1,0
515,CASH_OUT,124465.49,C293831245,124465.49,0.0,C100500839,0.0,124465.49,1,0
317,CASH_OUT,7535.58,C2046264393,7535.58,0.0,C592516907,44609.54,52145.11,1,0
15,CASH_OUT,248056.41,C1055229266,248056.41,0.0,C1689170857,0.0,201427.47,1,0
567,CASH_OUT,175203.45,C1731825076,175203.45,0.0,C1046160944,2735776.45,2910979.9,1,0
265,TRANSFER,127916.67,C1684685440,127916.67,0.0,C98246115,0.0,0.0,1,0
399,CASH_OUT,1082200.06,C736248524,1082200.06,0.0,C1386066751,0.0,1082200.06,1,0
144,CASH_OUT,343999.8,C1079154167,343999.8,0.0,C385675312,33423.37,377423.17,1,0
410,CASH_OUT,124202.04,C18416258,124202.04,0.0,C1547230458,4212193.08,4336395.13,1,0
45,TRANSFER,4919642.57,C1457431353,4919642.57,0.0,C203170379,0.0,0.0,1,0
658,CASH_OUT,8730600.58,C1590395791,8730600.58,0.0,C1505080875,256439.26,8987039.84,1,0
294,CASH_OUT,21819.57,C1512307432,21819.57,0.0,C1826640118,333325.9,355145.48,1,0
560,CASH_OUT,357882.83,C151669603,357882.83,0.0,C1152228208,901329.73,1259212.55,1,0
482,CASH_OUT,132438.82,C561223504,132438.82,0.0,C212208463,0.0,132438.82,1,0
161,CASH_OUT,8720558.46,C34841317,8720558.46,0.0,C1571144443,529852.78,9250411.25,1,0
312,TRANSFER,1.0E7,C1562962865,1.658042781E7,6580427.81,C964933148,0.0,0.0,1,0
13,CASH_OUT,2686564.04,C901331326,2686564.04,0.0,C1662761228,438199.37,3124763.41,1,0
506,CASH_OUT,1.0E7,C1180822515,1.0E7,0.0,C758711155,1920358.24,1.192035824E7,1,0
403,TRANSFER,6392.08,C929088608,6392.08,0.0,C1035703133,0.0,0.0,1,0
614,CASH_OUT,281087.01,C1178698517,281087.01,0.0,C943844631,92828.21,373915.22,1,0
425,TRANSFER,287720.41,C1664641098,287720.41,0.0,C1630931168,0.0,0.0,1,0
237,TRANSFER,3924102.18,C344359156,3924102.18,0.0,C1708707330,0.0,0.0,1,0
588,CASH_OUT,187128.57,C1552716986,187128.57,0.0,C562686021,846965.44,1034094.01,1,0
515,TRANSFER,290211.26,C276602564,290211.26,0.0,C58143708,0.0,0.0,1,0
78,CASH_OUT,2254934.36,C706933703,2254934.36,0.0,C273430415,364128.61,2619062.97,1,0
433,CASH_OUT,673722.73,C330958414,673722.73,0.0,C1015835310,0.0,673722.73,1,0
464,TRANSFER,125464.42,C132433393,125464.42,0.0,C254097050,0.0,0.0,1,0
262,TRANSFER,1589763.63,C2075471030,1589763.63,0.0,C2138615216,0.0,0.0,1,0
512,CASH_OUT,8991625.83,C549493431,8991625.83,0.0,C1727929401,2195033.03,1.118665886E7,1,0
348,TRANSFER,142715.07,C2128296951,142715.07,0.0,C1202616415,0.0,0.0,1,0
592,TRANSFER,458361.83,C2050469537,458361.83,0.0,C2018291358,0.0,0.0,1,0
317,CASH_OUT,5741.05,C577110078,5741.05,0.0,C661765724,1657816.03,1663557.07,1,0
38,CASH_OUT,3372.0,C2002603307,3372.0,0.0,C1685866985,456659.44,460031.44,1,0
340,CASH_OUT,4896179.38,C1971684490,4896179.38,0.0,C497024597,462959.29,5359138.67,1,0
351,TRANSFER,63.8,C1293504491,63.8,0.0,C1368130863,0.0,0.0,1,0
325,TRANSFER,269187.87,C1859628307,269187.87,0.0,C638336367,0.0,0.0,1,0
351,CASH_OUT,178344.25,C1516888196,178344.25,0.0,C1751785530,258287.9,436632.15,1,0
651,CASH_OUT,2935952.76,C1884318665,2935952.76,0.0,C687662145,113270.41,3049223.17,1,0
84,CASH_OUT,1.0E7,C824646662,1.0E7,0.0,C1917849910,0.0,1.0E7,1,0
408,CASH_OUT,2567602.1,C1656748822,2567602.1,0.0,C1457063167,0.0,2567602.1,1,0
74,TRANSFER,59127.34,C1444290021,59127.34,0.0,C959470338,0.0,0.0,1,0
586,CASH_OUT,245991.5,C1152264725,245991.5,0.0,C552488033,54630.66,300622.16,1,0
490,CASH_OUT,1048388.34,C1366299519,1048388.34,0.0,C1848657199,0.0,1048388.34,1,0
39,CASH_OUT,7937954.2,C1581001485,7937954.2,0.0,C2012612648,2716480.56,1.065443476E7,1,0
459,CASH_OUT,277611.08,C2028451849,277611.08,0.0,C677754789,1588077.25,1865688.33,1,0
594,CASH_OUT,1592602.27,C1309793082,1592602.27,0.0,C1658727792,561920.93,2154523.2,1,0
499,CASH_OUT,488243.65,C1968880739,488243.65,0.0,C897542866,0.0,488243.65,1,0
131,CASH_OUT,511259.05,C1766811336,511259.05,0.0,C1948838736,2120181.23,2789221.38,1,0
402,TRANSFER,1301410.68,C939933921,1301410.68,0.0,C1813636275,0.0,0.0,1,0
369,CASH_OUT,89596.79,C53932340,89596.79,0.0,C987355544,0.0,89596.79,1,0
237,TRANSFER,106681.18,C1867725412,106681.18,0.0,C1721123113,0.0,0.0,1,0
631,TRANSFER,3120690.98,C681359586,3120690.98,0.0,C536531552,0.0,0.0,1,0
580,TRANSFER,835770.84,C561189362,835770.84,0.0,C1608195896,0.0,0.0,1,0
32,CASH_OUT,401575.19,C1684571589,401575.19,0.0,C1619036760,0.0,401575.19,1,0
340,CASH_OUT,92145.4,C987947557,92145.4,0.0,C1630824313,388798.48,480943.88,1,0
19,TRANSFER,3477438.49,C767243506,3477438.49,0.0,C1532877354,0.0,0.0,1,0
645,CASH_OUT,1576874.04,C1029506944,1576874.04,0.0,C1873712086,0.0,1576874.04,1,0
578,TRANSFER,978103.4,C398973610,978103.4,0.0,C1419555033,0.0,0.0,1,0
373,CASH_OUT,82750.0,C342734200,82750.0,0.0,C314896314,0.0,82750.0,1,0
737,CASH_OUT,167606.49,C696026207,167606.49,0.0,C1386785907,2315864.75,2483471.24,1,0
91,TRANSFER,482679.6,C822183230,482679.6,0.0,C1393101702,0.0,0.0,1,0
597,CASH_OUT,1015051.7,C1574416258,1015051.7,0.0,C1664584911,267402.3,1282454.0,1,0
15,TRANSFER,128473.62,C1012580160,128473.62,0.0,C540657255,0.0,0.0,1,0
55,CASH_OUT,167715.53,C710580864,167715.53,0.0,C349231889,492360.21,660075.73,1,0
734,CASH_OUT,2079746.13,C1063299871,2079746.13,0.0,C884992368,0.0,2079746.13,1,0
646,CASH_OUT,1.0E7,C51318897,1.0E7,0.0,C259016801,0.0,1.0E7,1,0
501,CASH_OUT,1.0E7,C47972411,1.0E7,0.0,C2059078386,1.165658757E7,2.165658757E7,1,0
108,TRANSFER,99808.45,C1704281751,99808.45,0.0,C587386073,0.0,0.0,1,0
120,TRANSFER,377919.58,C1265971736,377919.58,0.0,C806590394,0.0,0.0,1,0
398,TRANSFER,3580542.06,C1112407295,3580542.06,0.0,C513573961,0.0,0.0,1,0
84,TRANSFER,2627070.5,C98299573,2627070.5,0.0,C323116662,0.0,0.0,1,0
464,CASH_OUT,1506795.1,C1504023425,1506795.1,0.0,C538717920,39851.76,1546646.86,1,0
294,CASH_OUT,70173.64,C814413517,70173.64,0.0,C1964653709,75612.15,145785.79,1,0
572,CASH_OUT,210952.24,C1444150891,210952.24,0.0,C468200037,21234.55,232186.8,1,0
262,CASH_OUT,201281.36,C91830551,201281.36,0.0,C1577387180,1337.64,202619.0,1,0
492,CASH_OUT,162192.78,C1133500128,162192.78,0.0,C1665056886,0.0,162192.78,1,0
15,TRANSFER,696763.08,C968403759,696763.08,0.0,C1524019269,0.0,69861.26,1,0
207,TRANSFER,38427.47,C433911450,38427.47,0.0,C2145994547,0.0,0.0,1,0
439,CASH_OUT,306419.73,C1806758197,306419.73,0.0,C1577735864,314156.56,620576.28,1,0
631,TRANSFER,1.0E7,C2018514833,1.312069098E7,3120690.98,C784234900,0.0,0.0,1,0
98,CASH_OUT,2394623.8,C1374141932,2394623.8,0.0,C2044636303,4678162.27,7072786.07,1,0
286,CASH_OUT,2674794.22,C372999326,2674794.22,0.0,C2116300479,1380829.87,4055624.09,1,0
717,CASH_OUT,751854.42,C1391223821,751854.42,0.0,C450487671,11716.66,763571.08,1,0
543,CASH_OUT,2558618.27,C2020129633,2558618.27,0.0,C1104272087,1.36264153E7,1.618503357E7,1,0
497,CASH_OUT,1416055.74,C2115602581,1416055.74,0.0,C1565972600,4392650.62,5808706.35,1,0
177,TRANSFER,452804.42,C1206970364,452804.42,0.0,C218347710,0.0,0.0,1,0
279,CASH_OUT,1.0E7,C517014062,1.0E7,0.0,C473496930,540392.1,1.05403921E7,1,0
670,CASH_OUT,1938347.14,C106058139,1938347.14,0.0,C1218665261,294911.92,2233259.06,1,0
260,TRANSFER,1.0E7,C1799904347,1.017559764E7,175597.64,C1817199105,0.0,0.0,1,0
65,CASH_OUT,881811.11,C157136573,881811.11,0.0,C882992570,141736.75,1023547.85,1,0
474,CASH_OUT,87167.88,C817565031,87167.88,0.0,C2032615769,421005.27,508173.15,1,0
26,CASH_OUT,1027152.36,C1016323653,1027152.36,0.0,C409414944,519428.56,1546580.92,1,0
461,CASH_OUT,1028284.82,C2004363483,1028284.82,0.0,C165602524,0.0,1028284.82,1,0
727,CASH_OUT,276298.49,C238489119,276298.49,0.0,C2127664545,598892.69,875191.19,1,0
364,TRANSFER,34162.97,C328021152,34162.97,0.0,C1931140794,0.0,0.0,1,0
426,TRANSFER,99804.21,C1507425554,99804.21,0.0,C1679076725,0.0,0.0,1,0
118,TRANSFER,3794763.63,C1987271305,3794763.63,0.0,C1225791278,0.0,0.0,1,0
714,CASH_OUT,390763.24,C1246584069,390763.24,0.0,C592943127,1422500.77,1813264.01,1,0
318,CASH_OUT,688473.32,C1476270190,688473.32,0.0,C83742367,47171.96,735645.29,1,0
537,CASH_OUT,127447.68,C987837660,127447.68,0.0,C2119771429,1274456.97,1401904.65,1,0
507,CASH_OUT,1.0E7,C531780975,1.0E7,0.0,C19233081,123242.63,1.012324263E7,1,0
675,TRANSFER,950766.15,C1599964062,950766.15,0.0,C1375613207,0.0,0.0,1,0
55,TRANSFER,309254.05,C1323797959,309254.05,0.0,C986375360,0.0,0.0,1,0
59,CASH_OUT,3904257.51,C280132554,3904257.51,0.0,C858291954,0.0,3904257.51,1,0
384,TRANSFER,2374412.42,C958603903,2374412.42,0.0,C68780715,0.0,0.0,1,0
52,CASH_OUT,7484125.12,C99129129,7484125.12,0.0,C1179262893,62896.23,7547021.36,1,0
651,CASH_OUT,65494.78,C1340594574,65494.78,0.0,C1088639142,422252.51,487747.29,1,0
537,CASH_OUT,2463190.9,C201662264,2463190.9,0.0,C995043220,1200145.47,3663336.38,1,0
25,CASH_OUT,781953.11,C1665079678,781953.11,0.0,C1566512642,0.0,781953.11,1,0
300,TRANSFER,176059.16,C1589553907,176059.16,0.0,C1151960519,0.0,0.0,1,0
307,TRANSFER,16734.61,C166709172,16734.61,0.0,C1054064905,0.0,0.0,1,0
635,CASH_OUT,1363674.48,C1928734777,1363674.48,0.0,C31164156,0.0,1363674.48,1,0
500,TRANSFER,21832.43,C2086908548,21832.43,0.0,C418623592,0.0,0.0,1,0
91,TRANSFER,28308.97,C531625667,28308.97,0.0,C1312031909,0.0,0.0,1,0
631,CASH_OUT,341.3,C667213533,341.3,0.0,C1882416081,135440.48,135781.78,1,0
415,TRANSFER,1675153.28,C871029924,1675153.28,0.0,C1466367171,0.0,0.0,1,0
279,CASH_OUT,1.0E7,C951363139,1.0E7,0.0,C241707602,0.0,1.0E7,1,0
514,CASH_OUT,1.0E7,C1274141620,1.0E7,0.0,C743250798,0.0,1.0E7,1,0
53,CASH_OUT,931684.75,C1888926728,931684.75,0.0,C1918631578,3608144.66,4539829.41,1,0
569,TRANSFER,2561698.04,C639357129,2561698.04,0.0,C179997962,0.0,0.0,1,0
484,TRANSFER,26654.46,C755286039,26654.46,0.0,C2094079166,0.0,0.0,1,0
730,CASH_OUT,0.0,C2088151490,0.0,0.0,C1156763710,0.0,0.0,1,0
309,CASH_OUT,222694.08,C1931470495,222694.08,0.0,C1495297398,0.0,222694.08,1,0
270,CASH_OUT,1998327.96,C1609371351,1998327.96,0.0,C617888697,400903.94,2399231.91,1,0
66,TRANSFER,2096634.43,C1735799250,2096634.43,0.0,C106378482,0.0,0.0,1,0
469,TRANSFER,4417191.86,C2061241585,4417191.86,0.0,C558432551,0.0,0.0,1,0
461,TRANSFER,873356.47,C1856023832,873356.47,0.0,C625389009,0.0,0.0,1,0
325,TRANSFER,30846.84,C913635242,30846.84,0.0,C282425253,0.0,0.0,1,0
516,TRANSFER,1.0E7,C315155195,2.262513251E7,1.262513251E7,C224104774,0.0,0.0,1,0
742,CASH_OUT,258355.42,C1113162093,258355.42,0.0,C797688696,25176.67,283532.09,1,0
40,TRANSFER,2757431.53,C1340596396,2757431.53,0.0,C487414422,0.0,0.0,1,0
370,CASH_OUT,563149.41,C1079337250,563149.41,0.0,C1882398293,65562.72,628712.13,1,0
382,CASH_OUT,565346.12,C1132334899,565346.12,0.0,C1932342438,331443.76,896789.88,1,0
173,TRANSFER,98634.75,C1042347270,98634.75,0.0,C1491818323,0.0,0.0,1,0
144,TRANSFER,325732.34,C1544110174,325732.34,0.0,C2112676621,0.0,0.0,1,0
90,CASH_OUT,249791.3,C712828337,249791.3,0.0,C1973032153,0.0,249791.3,1,0
669,TRANSFER,106290.68,C1767695983,106290.68,0.0,C742240687,0.0,0.0,1,0
84,CASH_OUT,8380.79,C342648059,8380.79,0.0,C825022387,0.0,8380.79,1,0
273,TRANSFER,4574246.75,C1947336797,4574246.75,0.0,C418157803,0.0,0.0,1,0
41,CASH_OUT,82806.2,C1327670146,82806.2,0.0,C1480756205,0.0,0.0,1,0
321,TRANSFER,59628.24,C1046546525,59628.24,0.0,C2014793230,0.0,0.0,1,0
537,TRANSFER,1504.73,C743926133,1504.73,0.0,C1763736933,0.0,0.0,1,0
293,TRANSFER,530124.99,C1969299825,530124.99,0.0,C1985038646,0.0,0.0,1,0
71,TRANSFER,345526.4,C264616990,345526.4,0.0,C1955514169,0.0,0.0,1,0
701,CASH_OUT,74581.07,C609725895,74581.07,0.0,C450042361,337536.17,412117.24,1,0
199,CASH_OUT,80885.48,C2065836466,80885.48,0.0,C582821182,756653.51,837538.99,1,0
625,TRANSFER,1.0E7,C1179529142,1.302097453E7,3020974.53,C2073831661,0.0,0.0,1,0
157,CASH_OUT,813775.73,C122285117,813775.73,0.0,C1520619561,0.0,813775.73,1,0
555,TRANSFER,1235544.92,C1695141990,1235544.92,0.0,C1558094676,0.0,0.0,1,0
404,TRANSFER,1.0E7,C2023224715,1.275475904E7,2754759.04,C1730830963,0.0,0.0,1,0
349,TRANSFER,1258706.84,C1395405060,1258706.84,0.0,C567530691,0.0,0.0,1,0
84,CASH_OUT,152331.26,C942925545,152331.26,0.0,C1633587807,676868.23,829199.49,1,0
499,CASH_OUT,116530.2,C1873019648,116530.2,0.0,C636323541,1608702.22,1725232.42,1,0
18,CASH_OUT,11481.0,C779194867,11481.0,0.0,C1475456951,761417.61,1765080.5,1,0
722,TRANSFER,21960.02,C1438426689,21960.02,0.0,C213308373,0.0,0.0,1,0
170,CASH_OUT,176700.12,C1854024553,176700.12,0.0,C1656789626,0.0,176700.12,1,0
681,CASH_OUT,807466.16,C344825727,807466.16,0.0,C997289329,103628.07,911094.22,1,0
303,PAYMENT,10441.36,C750494290,194014.03,183572.67,M1274518609,0.0,0.0,0,0
544,PAYMENT,3209.89,C1836778086,0.0,0.0,M800981144,0.0,0.0,0,0
308,CASH_IN,270524.2,C1351913922,7109584.81,7380109.01,C471780088,1041273.1,770748.9,0,0
181,PAYMENT,15005.86,C1355973587,167247.26,152241.39,M1234652768,0.0,0.0,0,0
155,PAYMENT,5011.33,C1335065679,0.0,0.0,M741799210,0.0,0.0,0,0
180,CASH_OUT,334913.17,C882574380,0.0,0.0,C877717167,5153583.37,5488496.55,0,0
598,PAYMENT,2575.99,C717285157,10879.0,8303.01,M790969805,0.0,0.0,0,0
228,TRANSFER,343712.1,C150583268,0.0,0.0,C360643723,1402756.69,1746468.79,0,0
376,PAYMENT,3214.7,C2034177903,142390.0,139175.3,M716625454,0.0,0.0,0,0
155,PAYMENT,5752.07,C442334331,387693.71,381941.64,M67533222,0.0,0.0,0,0
298,CASH_OUT,15667.49,C139696423,0.0,0.0,C2068513680,758014.54,773682.03,0,0
164,PAYMENT,8117.25,C754421766,16566.0,8448.75,M638178102,0.0,0.0,0,0
308,PAYMENT,12887.01,C1731927901,0.0,0.0,M216177352,0.0,0.0,0,0
131,PAYMENT,1800.43,C209512443,0.0,0.0,M652097730,0.0,0.0,0,0
211,TRANSFER,627476.47,C449958871,0.0,0.0,C1821593549,2988055.59,3615532.06,0,0
17,CASH_OUT,47011.07,C1421752919,0.0,0.0,C1220768475,1176947.02,1223958.1,0,0
373,PAYMENT,6058.96,C199133203,290119.43,284060.47,M1127417473,0.0,0.0,0,0
18,CASH_OUT,35203.1,C240404902,2556.0,0.0,C609758445,0.0,35203.1,0,0
16,CASH_IN,278521.23,C1387366378,1.27894557E7,1.306797693E7,C869559205,654733.98,376212.75,0,0
235,PAYMENT,8667.22,C1147419110,0.0,0.0,M616015636,0.0,0.0,0,0
156,CASH_OUT,217511.3,C940663545,0.0,0.0,C1292381012,766554.82,984066.12,0,0
374,CASH_IN,142741.43,C223326952,1.082015463E7,1.096289606E7,C2016540765,460189.82,317448.39,0,0
18,CASH_OUT,236836.19,C706880823,0.0,0.0,C1036549912,1395876.82,1643104.85,0,0
14,CASH_IN,92902.81,C161466487,29722.0,122624.81,C238374968,0.0,0.0,0,0
256,CASH_IN,160686.63,C700907754,64891.0,225577.63,C327869837,129897.45,0.0,0,0
381,CASH_OUT,8651.15,C1700117574,0.0,0.0,C1717524570,20715.82,29366.97,0,0
306,CASH_OUT,225358.37,C1764753967,26854.0,0.0,C573826054,0.0,225358.37,0,0
230,CASH_IN,250250.56,C260935570,3082.0,253332.56,C588624480,124790.09,0.0,0,0
305,CASH_OUT,112851.6,C1854855497,56623.0,0.0,C1692444976,0.0,112851.6,0,0
347,CASH_IN,143192.76,C1103768209,9921.0,153113.76,C922626403,0.0,0.0,0,0
402,CASH_OUT,125747.2,C490358202,121560.0,0.0,C1571876582,0.0,125747.2,0,0
226,PAYMENT,7374.5,C1228833628,5120.0,0.0,M762701198,0.0,0.0,0,0
393,PAYMENT,8474.79,C500671263,0.0,0.0,M20985452,0.0,0.0,0,0
34,PAYMENT,9358.9,C362159586,506.0,0.0,M766234752,0.0,0.0,0,0
257,CASH_OUT,168047.6,C140428487,11183.0,0.0,C1764597024,0.0,168047.6,0,0
429,PAYMENT,4868.99,C867863005,21083.0,16214.01,M776602103,0.0,0.0,0,0
140,CASH_IN,206001.91,C592962167,8617414.12,8823416.02,C1076440742,1047215.74,841213.84,0,0
39,PAYMENT,6864.22,C1542396236,103796.0,96931.78,M112500184,0.0,0.0,0,0
183,PAYMENT,6205.89,C1297953321,91.0,0.0,M1828947001,0.0,0.0,0,0
303,PAYMENT,4570.85,C540028198,0.0,0.0,M1884337946,0.0,0.0,0,0
159,CASH_IN,131262.73,C190455716,1060296.72,1191559.46,C998757677,1606183.83,1474921.09,0,0
240,PAYMENT,2709.21,C1389173709,24578.0,21868.79,M243873973,0.0,0.0,0,0
45,PAYMENT,3343.25,C1174610042,0.0,0.0,M1103544615,0.0,0.0,0,0
40,CASH_IN,253746.3,C1234184801,21209.0,274955.3,C681235232,1170457.47,916711.17,0,0
277,CASH_OUT,105943.2,C1713260478,0.0,0.0,C358506308,2898832.32,3004775.52,0,0
275,CASH_OUT,381390.53,C1148216391,0.0,0.0,C337372727,437191.32,818581.84,0,0
131,CASH_OUT,313020.4,C1659274152,0.0,0.0,C56872518,1371663.33,1684683.73,0,0
136,CASH_IN,122759.29,C779384993,648.0,123407.29,C1951887903,393324.06,270564.77,0,0
370,CASH_IN,205616.57,C1808609599,3309413.26,3515029.83,C581991564,2118789.12,1913172.55,0,0
208,CASH_OUT,427347.27,C1428352647,104136.0,0.0,C676146525,0.0,427347.27,0,0
345,CASH_IN,466254.64,C1893820138,713690.68,1179945.32,C634826813,1641440.15,1175185.51,0,0
327,CASH_OUT,111895.39,C2106562341,8361.0,0.0,C2114401417,70114.8,182010.19,0,0
321,CASH_OUT,145255.17,C1677922815,0.0,0.0,C1115036587,2216884.84,2362140.02,0,0
325,CASH_OUT,146583.7,C1921992293,38545.0,0.0,C2142648641,0.0,146583.7,0,0
306,PAYMENT,7543.04,C1574556924,78958.72,71415.68,M649664408,0.0,0.0,0,0
164,CASH_OUT,374377.13,C2109896185,0.0,0.0,C1794243342,673773.19,1048150.31,0,0
331,CASH_OUT,51289.48,C852495320,0.0,0.0,C762707196,2809279.5,2860568.97,0,0
231,PAYMENT,4765.08,C734034201,144560.0,139794.92,M1117011591,0.0,0.0,0,0
306,CASH_OUT,138378.94,C1730677184,0.0,0.0,C2085432393,7896509.02,8034887.96,0,0
132,DEBIT,11050.31,C1714669614,10188.0,0.0,C1039807263,74988.89,86039.19,0,0
131,PAYMENT,23194.66,C483699025,0.0,0.0,M993858902,0.0,0.0,0,0
325,PAYMENT,20477.58,C1321292631,0.0,0.0,M966244491,0.0,0.0,0,0
179,CASH_IN,278201.09,C2034087849,3129063.63,3407264.71,C1144409880,364876.07,86674.99,0,0
13,CASH_OUT,145997.06,C1849046339,0.0,0.0,C456278962,523267.46,669264.52,0,0
429,CASH_IN,118569.6,C397332154,1445434.07,1564003.67,C1622279291,1109342.63,990773.03,0,0
210,PAYMENT,10145.84,C291895030,518925.0,508779.16,M1698830512,0.0,0.0,0,0
38,TRANSFER,414129.78,C1362016069,0.0,0.0,C1402042164,3078629.23,3542986.55,0,0
372,PAYMENT,9229.72,C767896271,330529.42,321299.71,M1942512383,0.0,0.0,0,0
185,CASH_OUT,369806.82,C1995719039,0.0,0.0,C1857704627,372716.89,690722.59,0,0
209,CASH_IN,871.88,C1349351956,100138.0,101009.88,C1369974299,682955.88,682083.99,0,0
39,PAYMENT,3797.71,C1314425128,145762.54,141964.83,M2100448540,0.0,0.0,0,0
236,CASH_OUT,6397.2,C1475933455,0.0,0.0,C650408576,2009035.39,2015432.58,0,0
705,TRANSFER,338475.35,C103044066,0.0,0.0,C1669501916,1850646.5,2189121.85,0,0
354,DEBIT,1182.16,C41881463,0.0,0.0,C36088685,74291.59,75473.75,0,0
21,CASH_OUT,63799.33,C213897762,0.0,0.0,C670146318,142072.8,205872.13,0,0
181,CASH_IN,189595.14,C1419084106,15985.0,205580.14,C568327537,1536309.44,1346714.31,0,0
275,TRANSFER,473813.91,C2003352534,0.0,0.0,C1271612001,4431675.02,4905488.93,0,0
256,CASH_IN,121247.96,C2089090210,945660.46,1066908.42,C1407438033,202420.8,81172.84,0,0
133,PAYMENT,26788.92,C1703274668,11468.0,0.0,M380163121,0.0,0.0,0,0
210,PAYMENT,3358.6,C449370286,0.0,0.0,M1707955516,0.0,0.0,0,0
33,DEBIT,4257.98,C2076335158,21219.0,16961.02,C926553380,1990329.51,1994587.49,0,0
230,CASH_OUT,104401.55,C1632558743,431.0,0.0,C2056384108,506327.19,610728.74,0,0
259,CASH_OUT,118734.01,C1201819232,0.0,0.0,C1630049877,487949.88,606683.88,0,0
160,PAYMENT,9821.37,C1981863926,31512.0,21690.63,M2122517661,0.0,0.0,0,0
327,PAYMENT,28215.76,C1578874198,65398.0,37182.24,M398529691,0.0,0.0,0,0
351,CASH_OUT,77991.42,C148454079,30614.0,0.0,C1304535512,279097.43,357088.86,0,0
208,PAYMENT,5724.11,C162392988,23922.33,18198.22,M1054858342,0.0,0.0,0,0
137,PAYMENT,6716.33,C771291341,44037.01,37320.68,M41448569,0.0,0.0,0,0
329,CASH_IN,322806.78,C1252290531,2.53336899E7,2.565649667E7,C1278498861,1236909.76,914102.98,0,0
138,PAYMENT,22286.6,C412175407,23994.85,1708.24,M155277101,0.0,0.0,0,0
313,CASH_IN,226670.12,C1423092822,0.0,226670.12,C1799431639,502263.68,275593.57,0,0
232,CASH_IN,50998.02,C1686292452,1.793735408E7,1.798835209E7,C1176517073,81975.39,30977.38,0,0
667,PAYMENT,2620.12,C1204100864,0.0,0.0,M1359841621,0.0,0.0,0,0
564,CASH_IN,48082.78,C1067451576,9134.0,57216.78,C533080257,85673.29,37590.5,0,0
164,CASH_OUT,121476.99,C133157592,177972.0,56495.01,C1300209933,37022.47,158499.45,0,0
42,CASH_OUT,41812.11,C1180691886,107785.53,65973.42,C1361864867,6961809.3,7003621.41,0,0
401,CASH_OUT,153814.48,C4053479,0.0,0.0,C1940432251,374534.3,528348.78,0,0
15,CASH_OUT,309358.49,C1105157858,11437.52,0.0,C1142829173,420597.5,1379379.27,0,0
211,PAYMENT,2673.98,C1671517358,5554.64,2880.66,M1824088754,0.0,0.0,0,0
252,CASH_OUT,136786.2,C1425547523,93859.0,0.0,C153781813,129749.82,266536.02,0,0
399,CASH_IN,131059.71,C406397512,781657.32,912717.04,C1616460822,4.490240197E7,4.477134226E7,0,0
540,TRANSFER,2266131.77,C1805339077,49310.0,0.0,C809054639,0.0,2266131.77,0,0
225,CASH_IN,214549.09,C1815796151,40293.99,254843.08,C1003788653,315414.67,100865.58,0,0
279,PAYMENT,10189.23,C34490464,0.0,0.0,M1631328835,0.0,0.0,0,0
399,PAYMENT,22130.3,C1064594189,227726.0,205595.7,M1159831009,0.0,0.0,0,0
140,CASH_IN,218614.3,C146216703,44689.0,263303.3,C728948388,2546700.04,2328085.75,0,0
304,CASH_IN,55190.37,C1084655474,31253.0,86443.37,C806128531,0.0,0.0,0,0
205,CASH_OUT,97824.28,C587243016,149298.0,51473.72,C699594127,0.0,97824.28,0,0
254,CASH_OUT,436046.08,C250034886,54753.0,0.0,C50217613,0.0,436046.08,0,0
250,CASH_IN,8597.32,C69162507,20939.0,29536.32,C2124840476,88421.39,79824.07,0,0
377,CASH_OUT,238556.48,C49393324,101860.0,0.0,C1824229983,528464.04,767020.51,0,0
37,CASH_OUT,91082.04,C732738350,0.0,0.0,C1216704104,319961.65,713012.49,0,0
22,CASH_IN,14032.99,C1268946142,104059.0,118091.99,C119829074,2883.55,0.0,0,0
403,CASH_IN,16873.46,C536548641,4484802.19,4501675.65,C1043387214,670219.49,653346.02,0,0
185,CASH_IN,124003.85,C1357209747,1013.0,125016.85,C1816317601,116157.09,0.0,0,0
169,CASH_OUT,149012.75,C1425169568,0.0,0.0,C2147468927,295439.57,444452.32,0,0
133,PAYMENT,11367.7,C585508014,0.0,0.0,M1624756208,0.0,0.0,0,0
324,PAYMENT,4654.05,C225497771,58587.86,53933.8,M1870514938,0.0,0.0,0,0
229,CASH_OUT,69137.63,C2060700512,124989.0,55851.37,C1612158780,0.0,69137.63,0,0
42,CASH_OUT,118919.66,C1327762829,95085.07,0.0,C1960580171,1239748.59,1358668.26,0,0
166,CASH_OUT,18398.85,C999694702,708964.0,690565.15,C1588446307,0.0,18398.85,0,0
235,CASH_OUT,147726.55,C1609466676,302389.09,154662.54,C1100980673,195011.67,342738.21,0,0
129,CASH_IN,28739.3,C312724667,5416467.65,5445206.96,C311864849,53853.47,25114.17,0,0
321,PAYMENT,1613.85,C574908380,15369.74,13755.89,M1856814313,0.0,0.0,0,0
376,TRANSFER,5613743.89,C1661365643,26604.0,0.0,C786448148,55851.99,5669595.88,0,0
322,CASH_IN,14409.13,C112441085,3010365.95,3024775.07,C1684577650,160994.32,146585.19,0,0
129,CASH_OUT,790.87,C1241155013,97214.0,96423.13,C449383547,24033.0,0.0,0,0
36,PAYMENT,7562.35,C1659032636,523954.55,516392.2,M449249005,0.0,0.0,0,0
684,CASH_IN,170962.72,C1205103432,1008.0,171970.72,C25709301,4472670.33,4301707.61,0,0
18,CASH_IN,125033.87,C55106722,2573.0,127606.87,C1586553354,24251.27,0.0,0,0
187,CASH_IN,99024.5,C1375125432,428593.56,527618.05,C1631373293,4301859.19,4202834.69,0,0
398,PAYMENT,6001.19,C1744042388,7012.0,1010.81,M669743678,0.0,0.0,0,0
185,CASH_OUT,580879.64,C1134812156,24530.0,0.0,C1355164772,21174.92,602054.56,0,0
256,CASH_OUT,23630.24,C1823198765,0.0,0.0,C2040470223,1114689.06,1138319.31,0,0
263,PAYMENT,25.06,C712977153,13138.0,13112.94,M552031390,0.0,0.0,0,0
179,CASH_IN,227352.21,C254987990,20583.0,247935.21,C139240404,0.0,0.0,0,0
158,CASH_IN,56791.41,C1661543522,31380.0,88171.41,C816668020,0.0,0.0,0,0
355,CASH_OUT,40383.59,C1271491880,735.0,0.0,C880939912,1.174874864E7,1.178913223E7,0,0
300,CASH_IN,256252.32,C342264195,1171392.59,1427644.91,C1139697526,561550.02,305297.69,0,0
38,CASH_IN,196631.72,C858916941,1.35208144E7,1.371744612E7,C236686256,778305.29,581673.57,0,0
205,PAYMENT,11789.52,C465889239,0.0,0.0,M112650571,0.0,0.0,0,0
187,PAYMENT,2510.14,C1923062001,0.0,0.0,M2045833491,0.0,0.0,0,0
203,CASH_IN,247591.68,C1355599552,1404609.79,1652201.47,C1310578173,2504842.82,2257251.14,0,0
202,CASH_OUT,103129.92,C1120123863,149611.0,46481.08,C767381363,47660.0,150789.92,0,0
161,CASH_IN,107991.43,C71499677,1226618.48,1334609.91,C91631878,188726.39,80734.97,0,0
20,PAYMENT,34861.63,C1777476201,122632.26,87770.64,M13871688,0.0,0.0,0,0
458,CASH_OUT,21771.67,C1164207959,352686.88,330915.22,C524820825,44772.31,66543.98,0,0
287,PAYMENT,20993.43,C374466581,0.0,0.0,M397972675,0.0,0.0,0,0
393,CASH_IN,175173.7,C125853947,104819.0,279992.7,C1263727206,0.0,0.0,0,0
298,TRANSFER,2632924.24,C478299093,11339.0,0.0,C2005374909,0.0,2632924.24,0,0
399,CASH_IN,111366.67,C2126333790,5671028.6,5782395.27,C814223518,505216.93,393850.26,0,0
157,CASH_OUT,67800.82,C565412039,0.0,0.0,C1375916822,316914.41,281974.56,0,0
2,PAYMENT,15730.19,C1280977839,0.0,0.0,M516040753,0.0,0.0,0,0
687,CASH_IN,92118.44,C220363662,154671.0,246789.44,C890867809,0.0,0.0,0,0
39,CASH_OUT,212707.7,C669901788,0.0,0.0,C1086683093,2035264.34,2247972.04,0,0
166,PAYMENT,46.93,C1700723373,31694.0,31647.07,M1289108569,0.0,0.0,0,0
334,PAYMENT,2547.41,C914998528,10430.0,7882.59,M4907775,0.0,0.0,0,0
692,TRANSFER,29411.72,C440205136,601.0,0.0,C1081019349,0.0,29411.72,0,0
349,PAYMENT,22293.82,C1647665914,20695.0,0.0,M1863707107,0.0,0.0,0,0
206,PAYMENT,3861.9,C1435420358,27171.0,23309.1,M1482433265,0.0,0.0,0,0
136,CASH_IN,190246.13,C995739099,6191.0,196437.13,C871992249,110329.83,0.0,0,0
354,PAYMENT,10530.31,C777674747,0.0,0.0,M2051394348,0.0,0.0,0,0
41,CASH_OUT,380833.57,C174918294,30039.0,0.0,C1372293303,0.0,380833.57,0,0
233,CASH_OUT,115772.62,C2023324901,0.0,0.0,C1613331372,2024428.58,2140201.2,0,0
205,CASH_OUT,58215.73,C1995353566,39731.0,0.0,C1189183204,81834.43,140050.16,0,0
178,PAYMENT,800.42,C1602266312,111.0,0.0,M1889587006,0.0,0.0,0,0
404,CASH_IN,232543.11,C975049875,727750.42,960293.54,C2022076763,4074168.59,3841625.47,0,0
212,PAYMENT,13149.77,C815932452,10153.0,0.0,M1627957820,0.0,0.0,0,0
94,PAYMENT,1202.09,C1254035372,3091.0,1888.91,M2104587126,0.0,0.0,0,0
329,CASH_OUT,141496.01,C993360512,0.0,0.0,C2010058418,1536186.43,1677682.45,0,0
310,PAYMENT,3638.04,C1923673727,624.0,0.0,M259276861,0.0,0.0,0,0
370,PAYMENT,6688.66,C59237165,200534.0,193845.34,M355198740,0.0,0.0,0,0
234,PAYMENT,34761.35,C194932014,439.0,0.0,M873703933,0.0,0.0,0,0
256,TRANSFER,33490.61,C814417150,0.0,0.0,C1685727363,114328.06,147818.67,0,0
16,PAYMENT,11459.66,C151925890,24243.18,12783.51,M1227621064,0.0,0.0,0,0
43,CASH_OUT,125732.73,C1365952673,0.0,0.0,C1215245332,153839.63,406021.08,0,0
357,CASH_IN,473341.42,C1906642395,4869356.89,5342698.31,C1404789740,1750222.37,1276880.95,0,0
42,CASH_IN,54678.75,C2085293880,1791185.53,1845864.27,C890212785,680532.55,625853.81,0,0
19,PAYMENT,8431.58,C902804193,0.0,0.0,M13134562,0.0,0.0,0,0
279,CASH_OUT,64527.62,C470293714,0.0,0.0,C913879650,69565.11,134092.72,0,0
348,PAYMENT,428.27,C1652088851,57264.54,56836.26,M206243949,0.0,0.0,0,0
404,CASH_OUT,284253.56,C1100526157,0.0,0.0,C61212685,1314020.1,1598273.66,0,0
13,CASH_OUT,233015.25,C1558912270,18750.12,0.0,C479608039,618072.86,851088.11,0,0
18,CASH_OUT,162423.56,C1984335888,21765.01,0.0,C767700150,1734917.77,2036631.07,0,0
141,TRANSFER,776392.32,C1984446673,0.0,0.0,C420539158,933327.88,1709720.2,0,0
211,CASH_OUT,110192.79,C1883044823,0.0,0.0,C1457686309,1038649.9,1148842.69,0,0
186,CASH_OUT,24079.15,C1893681629,15833.0,0.0,C1861571426,0.0,24079.15,0,0
374,PAYMENT,9994.64,C1396352032,0.0,0.0,M715577051,0.0,0.0,0,0
350,CASH_OUT,74536.57,C1929290348,45360.0,0.0,C1335585894,0.0,74536.57,0,0
233,PAYMENT,14900.38,C479786379,159642.0,144741.62,M209946743,0.0,0.0,0,0
207,CASH_OUT,180430.87,C2005051092,0.0,0.0,C183862538,195935.2,376366.06,0,0
278,PAYMENT,7137.15,C1669678093,22082.0,14944.85,M418958767,0.0,0.0,0,0
346,CASH_OUT,234629.8,C2023665769,38323.0,0.0,C1981752351,1.28765269E7,1.31111567E7,0,0
204,CASH_IN,15664.35,C940360036,99056.0,114720.35,C1453308827,2981366.48,2965702.13,0,0
8,CASH_OUT,144495.18,C1198420055,0.0,0.0,C1493448513,876123.9,1075149.48,0,0
259,CASH_OUT,65628.73,C492858775,0.0,0.0,C698236697,334662.26,400290.99,0,0
142,TRANSFER,170285.24,C1039078833,0.0,0.0,C1079380880,743283.9,913569.14,0,0
45,CASH_OUT,163201.04,C69876421,34272.0,0.0,C2074774762,89127.62,252328.66,0,0
323,CASH_IN,11181.55,C965821157,6646799.71,6657981.26,C449817082,82498.18,71316.63,0,0
380,CASH_OUT,23889.51,C1932715567,0.0,0.0,C881823159,357960.51,381850.01,0,0
187,CASH_OUT,25562.42,C630974788,30576.0,5013.58,C1520009579,537883.26,563445.68,0,0
206,PAYMENT,7194.77,C1475993,0.0,0.0,M1870314703,0.0,0.0,0,0
138,CASH_IN,25702.63,C322571636,6716125.79,6741828.42,C1014966415,1696641.01,1670938.38,0,0
274,CASH_IN,198058.41,C1269524732,1.360722021E7,1.380527862E7,C2139067802,7841956.91,7643898.5,0,0
355,CASH_IN,187848.74,C161143333,6058.0,193906.74,C1168200796,0.0,0.0,0,0
281,CASH_OUT,141879.84,C868839767,0.0,0.0,C1662732728,1384534.22,1526414.06,0,0
402,CASH_OUT,211351.72,C1001909749,0.0,0.0,C145695842,2453703.18,2665054.9,0,0
327,CASH_IN,446303.36,C1976065469,6819100.98,7265404.34,C2054871851,485032.31,38728.95,0,0
420,CASH_OUT,33102.09,C602605182,0.0,0.0,C1759194460,292032.18,325134.27,0,0
370,CASH_OUT,175156.68,C845166763,9647.0,0.0,C1167024205,0.0,175156.68,0,0
178,CASH_OUT,134705.88,C654483099,23347.0,0.0,C599319464,921578.21,1056284.08,0,0
16,CASH_IN,83705.08,C121511544,4296314.49,4380019.56,C569068130,1626309.77,1831211.11,0,0
374,CASH_IN,17477.19,C970800473,15339.0,32816.19,C47218429,251.54,0.0,0,0
41,PAYMENT,4706.29,C105053561,15813.71,11107.42,M399947696,0.0,0.0,0,0
372,CASH_OUT,467555.3,C547080250,10842.0,0.0,C558302502,6250860.88,6718416.18,0,0
138,CASH_OUT,996.24,C1718659946,430822.17,429825.93,C1425776462,1433113.88,1434110.12,0,0
255,TRANSFER,596578.29,C583270852,0.0,0.0,C1773209218,2130020.15,2726598.44,0,0
129,CASH_IN,468950.76,C379910143,1.673275293E7,1.720170369E7,C832699329,599618.98,130668.22,0,0
354,CASH_OUT,89402.17,C1293578555,49.0,0.0,C509010084,607337.23,696739.4,0,0
383,PAYMENT,2436.42,C417831776,52486.0,50049.58,M1467551310,0.0,0.0,0,0
185,CASH_OUT,258919.73,C189998059,0.0,0.0,C1814485055,3334515.92,3593435.66,0,0
380,CASH_IN,271347.21,C22653685,10796.0,282143.21,C50574779,0.0,0.0,0,0
19,CASH_OUT,63377.07,C672473190,40899.0,0.0,C870722399,365100.41,428477.48,0,0
238,PAYMENT,7438.01,C1263499953,175770.0,168331.99,M1387547373,0.0,0.0,0,0
275,PAYMENT,4126.0,C1092077326,0.0,0.0,M8899704,0.0,0.0,0,0
691,PAYMENT,3687.08,C91236331,5063.0,1375.92,M93480451,0.0,0.0,0,0
274,CASH_OUT,76749.49,C1043164963,153662.0,76912.51,C1576463312,854477.89,931227.37,0,0
573,TRANSFER,803295.5,C1384670930,0.0,0.0,C140572150,2.292403076E7,2.372732627E7,0,0
17,CASH_OUT,239463.18,C354504881,49900.0,0.0,C1560190757,215852.0,455315.18,0,0
157,PAYMENT,18734.7,C1312541697,0.0,0.0,M2101091083,0.0,0.0,0,0
15,CASH_IN,167609.17,C2133299916,5297.0,172906.17,C346361195,2616522.33,2448913.17,0,0
401,CASH_OUT,117351.28,C899974383,32933.0,0.0,C1228020513,101466.78,218818.06,0,0
347,PAYMENT,7656.57,C734563712,2257.53,0.0,M693923390,0.0,0.0,0,0
285,PAYMENT,4670.48,C122783066,99506.0,94835.52,M1407594408,0.0,0.0,0,0
275,CASH_OUT,147491.42,C2094611520,0.0,0.0,C2138902915,340014.38,487505.8,0,0
129,PAYMENT,7422.14,C33961513,322.0,0.0,M525864840,0.0,0.0,0,0
11,PAYMENT,18531.17,C648431395,0.0,0.0,M695412811,0.0,0.0,0,0
326,CASH_OUT,358993.85,C1868054488,206091.0,0.0,C1098666114,0.0,358993.85,0,0
382,PAYMENT,11045.95,C1292511947,11020.0,0.0,M1024102037,0.0,0.0,0,0
33,CASH_OUT,74522.17,C1460762741,10263.0,0.0,C853414616,522090.9,620240.62,0,0
355,CASH_OUT,9920.22,C1612323021,87241.0,77320.78,C1980587645,77664.76,87584.98,0,0
159,PAYMENT,13715.85,C2070724100,232990.39,219274.55,M855611301,0.0,0.0,0,0
346,PAYMENT,8258.05,C1211804098,5621.0,0.0,M1734665035,0.0,0.0,0,0
332,CASH_OUT,188148.04,C1536520055,1324.0,0.0,C1165232322,1872788.23,2060936.27,0,0
163,PAYMENT,6137.47,C2048849862,107.0,0.0,M2044730265,0.0,0.0,0,0
130,CASH_IN,298052.01,C1996237095,332047.0,630099.01,C1159813028,2006548.95,1708496.94,0,0
1,PAYMENT,8787.63,C1624788833,50784.0,41996.37,M968957548,0.0,0.0,0,0
18,TRANSFER,904801.21,C1888053543,205355.0,0.0,C1092987200,213573.21,1327426.54,0,0
134,PAYMENT,44089.8,C839240034,0.0,0.0,M1212742740,0.0,0.0,0,0
256,PAYMENT,7271.89,C599878679,0.0,0.0,M693039440,0.0,0.0,0,0
354,CASH_OUT,55553.56,C1544044475,99186.16,43632.6,C771064424,193227.71,248781.27,0,0
35,CASH_IN,31743.89,C1508212774,63739.0,95482.89,C2060407965,33618.76,1874.87,0,0
187,CASH_IN,254884.55,C534622042,7094740.08,7349624.63,C581989582,350354.11,95469.56,0,0
349,PAYMENT,5421.65,C1491455066,1284.0,0.0,M1692026898,0.0,0.0,0,0
325,PAYMENT,44288.93,C1568734495,0.0,0.0,M49280510,0.0,0.0,0,0
330,CASH_IN,205496.22,C1420340256,1.946831785E7,1.967381407E7,C1293051461,490567.95,285071.73,0,0
160,CASH_IN,162777.48,C314509603,107483.0,270260.48,C1322221741,393872.08,231094.6,0,0
42,TRANSFER,558091.46,C453738623,383.0,0.0,C1091253148,244428.04,658648.44,0,0
277,CASH_OUT,365320.5,C1959271514,11566.0,0.0,C557505592,45668.47,410988.97,0,0
186,PAYMENT,5205.69,C1388226416,12817.85,7612.17,M1801623726,0.0,0.0,0,0
404,PAYMENT,17398.23,C60829074,0.0,0.0,M114684129,0.0,0.0,0,0
345,CASH_IN,173977.05,C1025488842,326275.0,500252.05,C1489839928,339039.69,165062.64,0,0
283,PAYMENT,17660.57,C2143385613,69899.0,52238.43,M678342364,0.0,0.0,0,0
44,CASH_IN,125717.37,C1635406783,9934.0,135651.37,C203519183,2101169.4,1975452.04,0,0
217,TRANSFER,167652.69,C2061332604,107868.0,0.0,C242016749,0.0,167652.69,0,0
205,CASH_OUT,218217.73,C1319547924,507695.0,289477.27,C732884996,3718562.69,3936780.42,0,0
396,PAYMENT,16987.24,C1063437072,12392.0,0.0,M679107414,0.0,0.0,0,0
403,CASH_OUT,259831.88,C1868380747,0.0,0.0,C1107131742,293658.4,553490.28,0,0
164,PAYMENT,5998.72,C890659891,0.0,0.0,M561475670,0.0,0.0,0,0
372,CASH_IN,304449.44,C203487785,1720.0,306169.44,C924827741,184725.56,0.0,0,0
283,PAYMENT,14674.18,C1786588562,305636.0,290961.82,M1439759455,0.0,0.0,0,0
307,PAYMENT,6556.89,C795845024,270847.95,264291.06,M1663108672,0.0,0.0,0,0
230,CASH_IN,106883.87,C212763929,1.197925771E7,1.208614158E7,C1947869304,168243.94,61360.07,0,0
137,PAYMENT,7929.5,C976819010,2987.07,0.0,M635850589,0.0,0.0,0,0
180,PAYMENT,1401.06,C1155470853,81219.0,79817.94,M533282992,0.0,0.0,0,0
234,TRANSFER,419489.42,C1827333354,0.0,0.0,C1671020079,1.40219752E7,1.430024701E7,0,0
93,CASH_OUT,126265.58,C1860946494,18998.3,0.0,C2127584278,231147.61,357413.2,0,0
188,CASH_OUT,62057.79,C7222464,0.0,0.0,C1589918488,1554410.92,1616468.71,0,0
277,PAYMENT,25227.18,C1386613072,57175.0,31947.82,M1334476311,0.0,0.0,0,0
131,CASH_OUT,250471.71,C464829153,0.0,0.0,C798610243,495722.77,746194.47,0,0
301,PAYMENT,549.29,C2021981784,39757.0,39207.71,M224633498,0.0,0.0,0,0
7,PAYMENT,926.8,C1419038539,14058.78,13131.99,M309527276,0.0,0.0,0,0
35,CASH_OUT,536166.42,C177168520,13456.0,0.0,C1068504317,257417.71,793584.13,0,0
357,CASH_OUT,130125.96,C1893475771,21059.0,0.0,C784632013,152428.43,282554.39,0,0
376,PAYMENT,21689.51,C209833703,201799.0,180109.49,M1439106746,0.0,0.0,0,0
40,CASH_IN,59803.01,C538449049,6894013.25,6953816.26,C384572168,3867802.33,3807999.33,0,0
240,CASH_OUT,13457.55,C1033527771,0.0,0.0,C1868530787,2765625.34,2779082.9,0,0
163,PAYMENT,677.93,C1113669390,0.0,0.0,M1726832856,0.0,0.0,0,0
717,PAYMENT,2413.71,C306925304,16986.0,14572.29,M1410482702,0.0,0.0,0,0
209,PAYMENT,8072.02,C542013603,36666.17,28594.15,M597886141,0.0,0.0,0,0
11,PAYMENT,17196.83,C1979921898,18290.0,1093.17,M1790779692,0.0,0.0,0,0
16,CASH_OUT,285282.59,C992511281,0.0,0.0,C178284655,9328812.91,9614095.51,0,0
397,CASH_OUT,525789.36,C1566677432,0.0,0.0,C268042777,631715.86,1157505.22,0,0
356,PAYMENT,13498.9,C1808814461,27974.0,14475.1,M134425331,0.0,0.0,0,0
393,TRANSFER,2304247.89,C502905707,29540.0,0.0,C921597837,861.37,2305109.26,0,0
137,PAYMENT,23922.81,C374500561,61317.63,37394.82,M2145799490,0.0,0.0,0,0
518,PAYMENT,18770.77,C868193349,0.0,0.0,M1934389110,0.0,0.0,0,0
19,PAYMENT,7428.01,C1078767908,164909.86,157481.84,M1092813030,0.0,0.0,0,0
164,PAYMENT,11003.5,C2063707779,563390.0,552386.5,M1534948402,0.0,0.0,0,0
228,CASH_OUT,284430.32,C1411828743,597508.0,313077.68,C410526994,242278.29,526708.61,0,0
354,TRANSFER,627211.96,C1426136191,0.0,0.0,C909704643,2349405.81,2976617.76,0,0
142,CASH_OUT,169534.93,C1225527883,10439.0,0.0,C450179729,712471.11,882006.04,0,0
355,TRANSFER,1418275.27,C880665245,19885.0,0.0,C772219688,279182.7,1547102.44,0,0
18,CASH_IN,106204.52,C626927080,3395.0,109599.52,C530751720,322184.6,215980.08,0,0
19,CASH_IN,30984.84,C1423678913,5658061.71,5689046.54,C1705800632,3887892.01,3856907.17,0,0
251,PAYMENT,41399.68,C905606700,599197.55,557797.88,M1793861189,0.0,0.0,0,0
347,CASH_IN,592346.48,C15189556,106345.0,698691.48,C1387664436,169320.65,0.0,0,0
252,CASH_OUT,525365.52,C1852461514,84208.0,0.0,C1325643524,481730.93,1007096.44,0,0
355,CASH_OUT,93702.59,C695380767,198.0,0.0,C843252470,0.0,93702.59,0,0
154,CASH_OUT,324886.6,C739295038,0.0,0.0,C1513231255,1181243.17,1506129.77,0,0
159,PAYMENT,21226.08,C1984490908,178835.29,157609.21,M424195884,0.0,0.0,0,0
353,PAYMENT,16370.3,C2051476134,43800.0,27429.7,M1167214926,0.0,0.0,0,0
307,PAYMENT,2053.37,C637363698,0.0,0.0,M94568922,0.0,0.0,0,0
130,CASH_OUT,187655.9,C1674594490,0.0,0.0,C1530950688,712509.1,900165.0,0,0
281,CASH_OUT,25085.44,C1180893296,215522.0,190436.56,C1337627959,2028981.06,2054066.5,0,0
215,PAYMENT,2058.21,C1702078871,23320.0,21261.79,M1424781473,0.0,0.0,0,0
17,TRANSFER,855147.49,C1368745115,21338.0,0.0,C1782261757,39833.0,894980.49,0,0
201,CASH_OUT,326304.68,C606459564,31350.0,0.0,C2044532641,29425.02,98393.87,0,0
163,CASH_IN,346980.55,C1362228690,1946862.62,2293843.17,C1395089588,2418467.64,2071487.09,0,0
11,CASH_OUT,297395.77,C607310421,69792.0,0.0,C452934683,6062.0,434895.95,0,0
9,PAYMENT,27825.26,C231392214,0.0,0.0,M551581869,0.0,0.0,0,0
129,CASH_OUT,122490.52,C1375971165,0.0,0.0,C874219783,2171835.62,3715121.62,0,0
688,PAYMENT,4021.95,C1624242943,0.0,0.0,M833763156,0.0,0.0,0,0
252,CASH_OUT,209499.66,C2129669101,0.0,0.0,C739100722,288210.65,497710.31,0,0
163,CASH_IN,175281.52,C1534201989,9971559.37,1.014684089E7,C124059364,8922944.25,8747662.73,0,0
403,CASH_OUT,78968.41,C825453907,14749.0,0.0,C1984100196,0.0,78968.41,0,0
207,CASH_IN,40595.78,C1474091380,1.75344099E7,1.757500568E7,C731721834,2411432.33,2370836.55,0,0
163,CASH_IN,22360.95,C2052267418,2325808.58,2348169.53,C1759062762,1189250.39,1166889.44,0,0
379,CASH_OUT,302813.95,C525334803,0.0,0.0,C242823492,613040.02,915853.97,0,0
276,CASH_OUT,147924.47,C716879419,3182.0,0.0,C1839750287,87265.23,235189.7,0,0
37,CASH_OUT,201913.69,C698398724,0.0,0.0,C1750563752,806091.31,1449407.51,0,0
307,CASH_OUT,72015.94,C898411807,0.0,0.0,C2121572894,550494.33,622510.28,0,0
9,PAYMENT,1399.21,C365110351,0.0,0.0,M1438380470,0.0,0.0,0,0
326,CASH_OUT,502648.55,C1249939391,34854.0,0.0,C1465591600,455496.11,958144.66,0,0
405,CASH_OUT,44418.44,C1165156606,7563.0,0.0,C1299003623,9115.97,53534.4,0,0
12,CASH_OUT,42498.54,C1700693161,59108.0,16609.46,C1561205405,129996.97,48959.64,0,0
164,PAYMENT,7523.53,C1587645489,85.0,0.0,M1359935015,0.0,0.0,0,0
282,CASH_OUT,274411.92,C583812400,11357.0,0.0,C473817577,108962.29,383374.21,0,0
132,CASH_IN,120464.61,C1166071534,176460.0,296924.61,C402574643,111551.0,363611.72,0,0
230,CASH_OUT,119976.36,C153830939,0.0,0.0,C199573624,469222.38,196598.12,0,0
182,PAYMENT,824.38,C659082435,0.0,0.0,M1734199772,0.0,0.0,0,0
393,PAYMENT,12087.41,C485334266,0.0,0.0,M1216646638,0.0,0.0,0,0
349,PAYMENT,1594.61,C1180120417,60274.8,58680.19,M709928783,0.0,0.0,0,0
37,PAYMENT,44257.35,C419618041,54587.0,10329.65,M541120756,0.0,0.0,0,0
155,CASH_OUT,125293.12,C853339384,107478.0,0.0,C1674550873,0.0,206926.27,0,0
397,CASH_OUT,281952.55,C1406599535,0.0,0.0,C1373389159,1744161.74,2026114.29,0,0
397,TRANSFER,1474879.86,C1217042964,0.0,0.0,C78324834,1833124.28,3308004.14,0,0
19,PAYMENT,7102.76,C2125203313,703.0,0.0,M1371120764,0.0,0.0,0,0
155,PAYMENT,11086.5,C2031432633,0.0,0.0,M319959536,0.0,0.0,0,0
397,CASH_OUT,141522.46,C2022535357,0.0,0.0,C2144913880,355252.9,756203.74,0,0
8,PAYMENT,8819.32,C1405904323,1607331.79,1598512.47,M1377685601,0.0,0.0,0,0
163,PAYMENT,2695.2,C2146057232,101163.0,98467.8,M1866753645,0.0,0.0,0,0
139,PAYMENT,5059.29,C157855481,57888.0,52828.71,M600205992,0.0,0.0,0,0
348,CASH_OUT,49282.02,C504565654,0.0,0.0,C2071559850,298883.8,348165.82,0,0
206,PAYMENT,4664.34,C1379824146,148547.0,143882.66,M1321696531,0.0,0.0,0,0
212,CASH_OUT,273350.44,C396189730,0.0,0.0,C1277397183,402004.74,675355.17,0,0
695,PAYMENT,8274.01,C785254663,49525.0,41250.99,M1762682996,0.0,0.0,0,0
522,CASH_OUT,233176.77,C1451068461,516705.0,283528.23,C1583555978,0.0,233176.77,0,0
139,PAYMENT,8429.37,C648234835,16424.0,7994.63,M391132828,0.0,0.0,0,0
139,PAYMENT,26344.59,C2026096025,0.0,0.0,M843865516,0.0,0.0,0,0
306,PAYMENT,6750.84,C1218542559,14743.0,7992.16,M1069773266,0.0,0.0,0,0
208,CASH_IN,176361.37,C2065900825,20974.0,197335.37,C715925678,47036.76,0.0,0,0
331,CASH_OUT,168750.1,C112105128,70043.0,0.0,C1026332621,960233.26,1128983.35,0,0
260,PAYMENT,1910.62,C1420326980,3127.0,1216.38,M1579547828,0.0,0.0,0,0
202,TRANSFER,546534.99,C608162048,0.0,0.0,C1720110317,49248.55,595783.55,0,0
335,PAYMENT,8735.52,C109325403,1120.0,0.0,M369742162,0.0,0.0,0,0
236,CASH_IN,114967.81,C1300387942,1723649.63,1838617.44,C95589759,522796.31,407828.5,0,0
259,PAYMENT,14073.28,C1161986637,10536.0,0.0,M1609175013,0.0,0.0,0,0
277,CASH_IN,193680.55,C1036500403,30199.0,223879.55,C1916220865,0.0,0.0,0,0
19,CASH_OUT,511602.47,C73804139,0.0,0.0,C1081381255,2312405.98,2824008.46,0,0
260,CASH_OUT,151580.89,C1469679533,0.0,0.0,C748272077,507232.88,658813.77,0,0
255,PAYMENT,7426.09,C765970821,0.0,0.0,M619913025,0.0,0.0,0,0
382,CASH_OUT,193751.38,C82924897,0.0,0.0,C787505782,242664.58,436415.96,0,0
401,CASH_IN,303669.39,C1363440774,7205.0,310874.39,C1453453483,0.0,0.0,0,0
133,TRANSFER,368388.41,C504077211,0.0,0.0,C785812458,2692970.53,3061358.93,0,0
399,PAYMENT,21593.61,C924780984,0.0,0.0,M1558518018,0.0,0.0,0,0
153,CASH_IN,256781.22,C342875263,12361.0,269142.22,C166488730,3971003.0,3714221.78,0,0
179,CASH_OUT,210740.68,C785039592,1103.0,0.0,C606585660,430392.37,641133.05,0,0
139,CASH_OUT,228677.13,C304128667,28418.0,0.0,C1936906569,195968.34,424645.47,0,0
357,PAYMENT,6038.83,C1370182344,16626.0,10587.17,M1064929279,0.0,0.0,0,0
234,CASH_IN,27917.78,C1891153292,784.0,28701.78,C1429532779,0.0,0.0,0,0
594,CASH_IN,247261.73,C764624256,174894.11,422155.85,C1197342464,1102644.81,855383.08,0,0
262,PAYMENT,4442.75,C1081817008,106209.0,101766.25,M1810747282,0.0,0.0,0,0
299,PAYMENT,4681.56,C1977654596,27660.0,22978.44,M1818193250,0.0,0.0,0,0
134,TRANSFER,394365.23,C2001142421,0.0,0.0,C188195997,1.052443337E7,1.09187986E7,0,0
401,CASH_OUT,88229.01,C1392405735,0.0,0.0,C2133666963,419133.95,507362.96,0,0
259,CASH_OUT,42004.3,C1154995324,3584.0,0.0,C1457729508,0.0,42004.3,0,0
16,PAYMENT,8487.52,C1179215972,31502.0,23014.48,M1561840273,0.0,0.0,0,0
373,CASH_OUT,340972.62,C871964400,0.0,0.0,C374540077,3242069.01,3583041.63,0,0
331,PAYMENT,7402.72,C1388432858,255313.0,247910.28,M1712989324,0.0,0.0,0,0
374,TRANSFER,1572702.87,C1568634958,0.0,0.0,C427112543,7229383.05,8802085.92,0,0
540,PAYMENT,30322.31,C111924790,0.0,0.0,M1169762170,0.0,0.0,0,0
47,PAYMENT,3498.42,C1079349995,174.0,0.0,M523878812,0.0,0.0,0,0
251,PAYMENT,10330.9,C1081729932,10093.0,0.0,M257068384,0.0,0.0,0,0
380,CASH_OUT,19180.28,C1109181774,0.0,0.0,C1818956150,7030308.83,7049489.11,0,0
279,CASH_OUT,308325.38,C1927905345,8644.0,0.0,C622710370,2767008.64,3075334.02,0,0
259,PAYMENT,7702.5,C575407392,751.0,0.0,M1157557036,0.0,0.0,0,0
349,CASH_OUT,124577.93,C1865792176,0.0,0.0,C2434114,957301.73,1081879.66,0,0
232,PAYMENT,13236.5,C323014661,109525.0,96288.5,M1766181401,0.0,0.0,0,0
19,CASH_IN,124223.09,C116483498,210.0,124433.09,C118136684,2927812.5,3082073.34,0,0
252,PAYMENT,46472.79,C745256229,92676.0,46203.21,M1940195958,0.0,0.0,0,0
571,TRANSFER,424194.7,C1219782557,0.0,0.0,C210778028,810413.86,1234608.55,0,0
180,CASH_OUT,222638.85,C1010571284,390053.0,167414.15,C1801054242,1882782.64,2105421.48,0,0
304,CASH_OUT,147001.65,C56044554,24485.0,0.0,C1708956726,939283.19,1086284.84,0,0
235,PAYMENT,1833.02,C1765965428,6375.02,4542.0,M1724927761,0.0,0.0,0,0
9,CASH_OUT,603290.23,C2109185634,0.0,0.0,C1688071442,1270992.22,1384157.89,0,0
17,CASH_OUT,106366.52,C1636073189,0.0,0.0,C1221658602,327480.54,433847.06,0,0
41,CASH_OUT,59883.88,C872873846,0.0,0.0,C1500174182,271703.78,331587.66,0,0
250,CASH_OUT,186552.69,C581505390,37617.0,0.0,C1161159002,0.0,186552.69,0,0
186,CASH_OUT,125517.44,C1831380383,0.0,0.0,C1059037244,439166.51,564683.96,0,0
234,CASH_IN,244102.18,C1058538982,9919.0,254021.18,C1993157272,1357974.7,1113872.51,0,0
254,PAYMENT,5470.2,C1251642140,0.0,0.0,M1728595918,0.0,0.0,0,0
404,CASH_OUT,58205.4,C1147201150,0.0,0.0,C1277406628,8941002.69,8999208.09,0,0
275,CASH_OUT,45643.93,C1858641240,0.0,0.0,C2073273334,62954.38,108598.32,0,0
236,PAYMENT,16018.22,C1332202867,19808.0,3789.78,M62625409,0.0,0.0,0,0
375,CASH_OUT,303489.75,C78265899,0.0,0.0,C297384776,3732998.89,4036488.64,0,0
379,CASH_IN,220078.11,C144745157,1.38126286E7,1.403270671E7,C1778039858,326579.51,106501.4,0,0
354,PAYMENT,8740.46,C1027840247,0.0,0.0,M840914138,0.0,0.0,0,0
370,CASH_OUT,298531.76,C2035920864,2022.0,0.0,C1902173491,1683676.1,1982207.85,0,0
354,CASH_IN,94669.81,C1353150004,6504613.75,6599283.56,C525235814,396672.16,302002.34,0,0
12,CASH_OUT,387607.69,C1482635742,0.0,0.0,C228723003,1223703.35,1943772.76,0,0
36,CASH_OUT,267351.77,C507180786,32361.0,0.0,C900287650,0.0,286189.34,0,0
573,PAYMENT,6228.81,C963121220,0.0,0.0,M171483252,0.0,0.0,0,0
211,PAYMENT,3631.5,C1377097898,0.0,0.0,M655902740,0.0,0.0,0,0
284,PAYMENT,15480.87,C1151826357,0.0,0.0,M202767705,0.0,0.0,0,0
163,CASH_OUT,247892.35,C1910214743,0.0,0.0,C1635547462,402693.9,650586.25,0,0
134,PAYMENT,8176.94,C795434220,0.0,0.0,M1762475491,0.0,0.0,0,0
206,CASH_OUT,81791.26,C912551393,0.0,0.0,C1241846753,385654.57,467445.83,0,0
11,PAYMENT,9008.83,C1552996498,0.0,0.0,M2039729158,0.0,0.0,0,0
324,CASH_IN,23255.13,C281664869,39350.0,62605.13,C1362839318,0.0,0.0,0,0
15,PAYMENT,31160.44,C1451301266,226390.83,195230.39,M1627954493,0.0,0.0,0,0
356,PAYMENT,10064.76,C1423930756,33723.0,23658.24,M567862719,0.0,0.0,0,0
225,CASH_IN,144013.46,C1871910049,9006101.19,9150114.66,C1480610386,3572452.85,3428439.39,0,0
34,CASH_OUT,582449.65,C501845474,136.0,0.0,C334977324,4165214.42,4747664.07,0,0
14,CASH_IN,37204.51,C51110111,2.37610381E7,2.379824261E7,C1050406642,4997770.6,6040845.5,0,0
120,PAYMENT,10602.51,C313816181,15264.0,4661.49,M257325772,0.0,0.0,0,0
189,PAYMENT,10539.74,C159393149,13599.0,3059.26,M218924018,0.0,0.0,0,0
94,PAYMENT,5333.81,C225500747,254424.0,249090.19,M1198554678,0.0,0.0,0,0
357,PAYMENT,32943.96,C1020337028,0.0,0.0,M594913568,0.0,0.0,0,0
39,CASH_OUT,139321.15,C870002742,264723.3,125402.15,C284041380,388903.74,528224.88,0,0
215,CASH_IN,10267.53,C2102190892,7303977.55,7314245.08,C778488827,778652.4,768384.87,0,0
21,CASH_OUT,58863.86,C1419561204,11148.0,0.0,C945212786,142490.3,201354.16,0,0
19,CASH_OUT,274453.21,C1755789552,21527.0,0.0,C906732391,2713840.05,2988293.26,0,0
231,CASH_OUT,36434.63,C883620900,1310.0,0.0,C1862361775,1716066.29,1752500.92,0,0
207,CASH_OUT,175096.48,C1587013621,0.0,0.0,C894142780,1397756.72,1572853.19,0,0
252,PAYMENT,9515.4,C1858679192,0.0,0.0,M753967302,0.0,0.0,0,0
177,PAYMENT,6849.2,C717330205,262584.4,255735.2,M612217757,0.0,0.0,0,0
180,PAYMENT,3677.37,C1475021233,0.0,0.0,M907942684,0.0,0.0,0,0
345,PAYMENT,21239.88,C2102675702,114996.0,93756.12,M734785064,0.0,0.0,0,0
155,PAYMENT,5781.32,C1173262231,20295.0,14513.68,M480103310,0.0,0.0,0,0
547,CASH_OUT,40039.22,C950061255,3387.0,0.0,C302991044,1121431.74,1161470.96,0,0
308,CASH_OUT,99210.22,C1483456189,0.0,0.0,C657651092,112374.82,211585.04,0,0
9,CASH_IN,30670.07,C1528916493,9292670.23,9323340.3,C1316198760,596248.8,565578.72,0,0
8,PAYMENT,8996.01,C24213002,21245.0,12248.99,M42448007,0.0,0.0,0,0
277,CASH_OUT,172261.63,C949973220,0.0,0.0,C6017646,1069730.48,1241992.1,0,0
280,CASH_IN,66404.95,C604969397,8222613.48,8289018.43,C792554028,1278756.02,1212351.07,0,0
302,PAYMENT,3667.11,C623809989,0.0,0.0,M409435770,0.0,0.0,0,0
300,CASH_OUT,106008.85,C904841174,0.0,0.0,C297176624,5018122.91,5124131.77,0,0
17,PAYMENT,4729.22,C1133213655,54979.0,50249.78,M120505156,0.0,0.0,0,0
179,CASH_OUT,383894.39,C614791915,29148.0,0.0,C169943865,3157102.43,3540996.82,0,0
165,CASH_IN,52758.06,C1944414064,5329438.17,5382196.23,C374102054,288044.86,235286.8,0,0
304,PAYMENT,6221.79,C848128573,11154.0,4932.21,M662957909,0.0,0.0,0,0
133,CASH_IN,72060.45,C219107145,15396.0,87456.45,C1380544247,76083.94,4023.49,0,0
357,CASH_OUT,271481.9,C1813253853,0.0,0.0,C1230566388,2227467.13,2498949.04,0,0
19,CASH_IN,10491.83,C2006431806,445346.0,455837.83,C1946733125,1956850.37,1898557.34,0,0
137,CASH_IN,330563.13,C1323282797,1.591696487E7,1.6247528E7,C1690475847,1220308.33,889745.2,0,0
11,CASH_OUT,203272.22,C473043530,0.0,0.0,C879004826,420503.09,530253.76,0,0
133,PAYMENT,3884.3,C2041329946,105068.0,101183.7,M288099384,0.0,0.0,0,0
330,TRANSFER,21368.56,C396530552,0.0,0.0,C1853202715,413409.86,434778.42,0,0
258,PAYMENT,10431.24,C1490960936,134101.27,123670.03,M224906049,0.0,0.0,0,0
16,CASH_IN,146169.76,C454288528,6535788.29,6681958.05,C809206674,207931.03,61761.27,0,0
399,CASH_IN,312182.21,C1446999351,1933452.65,2245634.85,C933418335,557226.65,245044.44,0,0
302,CASH_OUT,193976.9,C2033952305,83.0,0.0,C414434416,0.0,193976.9,0,0
258,PAYMENT,1261.7,C1578936370,42243.0,40981.3,M636876453,0.0,0.0,0,0
187,PAYMENT,20725.34,C534510917,460463.46,439738.12,M543006222,0.0,0.0,0,0
137,PAYMENT,4494.23,C827791524,101080.0,96585.77,M1962342569,0.0,0.0,0,0
351,PAYMENT,4608.46,C30477669,49954.0,45345.54,M431017436,0.0,0.0,0,0
263,PAYMENT,1079.24,C1789223830,10338.0,9258.76,M277788326,0.0,0.0,0,0
394,CASH_OUT,192802.61,C1961565633,66364.0,0.0,C350045351,839098.72,1031901.33,0,0
192,PAYMENT,3459.74,C1131485340,144153.0,140693.26,M1938582968,0.0,0.0,0,0
202,CASH_OUT,196414.48,C1703887700,76766.98,0.0,C410135908,522315.55,718730.03,0,0
401,CASH_OUT,217214.97,C2025017748,23895.0,0.0,C1211308763,263649.87,480864.85,0,0
12,CASH_OUT,295730.41,C1226428106,0.0,0.0,C744657759,3002994.68,3298725.09,0,0
187,CASH_OUT,79803.44,C435764694,0.0,0.0,C1011493697,261550.07,341353.51,0,0
14,PAYMENT,1749.26,C1432872192,0.0,0.0,M748600031,0.0,0.0,0,0
252,DEBIT,9304.79,C1463699610,15295.0,5990.21,C1451898191,140098.89,149403.68,0,0
353,CASH_IN,9293.53,C2035808064,6619359.77,6628653.3,C2011908528,1425402.66,1416109.13,0,0
14,PAYMENT,14412.37,C782889113,0.0,0.0,M343557850,0.0,0.0,0,0
234,PAYMENT,32937.48,C1929410133,30765.0,0.0,M1790984839,0.0,0.0,0,0
155,PAYMENT,10163.96,C836692222,169284.53,159120.57,M2107958248,0.0,0.0,0,0
129,PAYMENT,1458.63,C578013116,0.0,0.0,M291088845,0.0,0.0,0,0
350,CASH_OUT,209922.67,C494290472,17160.0,0.0,C1724200451,52484.52,262407.19,0,0
277,PAYMENT,8496.76,C681820707,0.0,0.0,M1477927993,0.0,0.0,0,0
212,PAYMENT,7483.76,C1256370134,24.0,0.0,M666483396,0.0,0.0,0,0
383,CASH_OUT,41947.72,C920819751,63544.59,21596.87,C546147471,70746.83,112694.55,0,0
380,CASH_OUT,72385.52,C109150157,50756.0,0.0,C954784936,0.0,72385.52,0,0
309,CASH_IN,151090.48,C1762224398,12451.0,163541.48,C53864409,0.0,0.0,0,0
690,PAYMENT,16827.11,C1955916132,53543.0,36715.89,M1888477810,0.0,0.0,0,0
260,PAYMENT,4527.85,C1261140769,0.0,0.0,M1824591204,0.0,0.0,0,0
38,PAYMENT,9681.95,C771037023,0.0,0.0,M1535581285,0.0,0.0,0,0
